"Flug";"Number";"Time_ms";"GPS_lat";"GPS_lon";"GPS_height";"GPS_fix";"Photo";"crc"
204;2088;45736;0,0;0,0;0,0;0;0;0
204;2089;45789;0,0;0,0;0,0;0;0;0
204;2090;45809;0,0;0,0;0,0;0;0;0
204;2091;45829;0,0;0,0;0,0;0;0;0
204;2092;45849;0,0;0,0;0,0;0;0;0
204;2093;45869;0,0;0,0;0,0;0;0;0
204;2094;45906;0,0;0,0;0,0;0;0;0
204;2095;45927;0,0;0,0;0,0;0;0;0
204;2096;45948;0,0;0,0;0,0;0;0;0
204;2097;45969;0,0;0,0;0,0;0;0;0
204;2098;45990;0,0;0,0;0,0;0;0;0
204;2099;46028;0,0;0,0;0,0;0;0;0
204;2100;46049;0,0;0,0;0,0;0;0;0
204;2101;46070;0,0;0,0;0,0;0;0;0
204;2102;46091;0,0;0,0;0,0;0;0;0
204;2103;46112;0,0;0,0;0,0;0;0;0
204;2104;46133;0,0;0,0;0,0;0;0;0
204;2105;46166;0,0;0,0;0,0;0;0;0
204;2106;46187;0,0;0,0;0,0;0;0;0
204;2107;46208;0,0;0,0;0,0;0;0;0
204;2108;46229;0,0;0,0;0,0;0;0;0
204;2109;46250;0,0;0,0;0,0;0;0;0
204;2110;46288;0,0;0,0;0,0;0;0;0
204;2111;46309;0,0;0,0;0,0;0;0;0
204;2112;46330;0,0;0,0;0,0;0;0;0
204;2113;46351;0,0;0,0;0,0;0;0;0
204;2114;46372;0,0;0,0;0,0;0;0;0
204;2115;46410;0,0;0,0;0,0;0;0;0
204;2116;46431;0,0;0,0;0,0;0;0;0
204;2117;46452;0,0;0,0;0,0;0;0;0
204;2118;46473;0,0;0,0;0,0;0;0;0
204;2119;46494;0,0;0,0;0,0;0;0;0
204;2120;46515;0,0;0,0;0,0;0;0;0
204;2121;46548;0,0;0,0;0,0;0;0;0
204;2122;46569;0,0;0,0;0,0;0;0;0
204;2123;46590;0,0;0,0;0,0;0;0;0
204;2124;46611;0,0;0,0;0,0;0;0;0
204;2125;46632;0,0;0,0;0,0;0;0;0
204;2126;46669;0,0;0,0;0,0;0;0;0
204;2127;46689;0,0;0,0;0,0;0;0;0
204;2128;46709;0,0;0,0;0,0;0;0;0
204;2129;46730;0,0;0,0;0,0;0;0;0
204;2130;46750;0,0;0,0;0,0;0;0;0
204;2131;46786;0,0;0,0;0,0;0;0;0
204;2132;46806;0,0;0,0;0,0;0;0;0
204;2133;46826;0,0;0,0;0,0;0;0;0
204;2134;46846;0,0;0,0;0,0;0;0;0
204;2135;46866;0,0;0,0;0,0;0;0;0
204;2136;46886;0,0;0,0;0,0;0;0;0
204;2137;46919;0,0;0,0;0,0;0;0;0
204;2138;46940;0,0;0,0;0,0;0;0;0
204;2139;46961;0,0;0,0;0,0;0;0;0
204;2140;46982;0,0;0,0;0,0;0;0;0
204;2141;47003;0,0;0,0;0,0;0;0;0
204;2142;47041;0,0;0,0;0,0;0;0;0
204;2143;47062;0,0;0,0;0,0;0;0;0
204;2144;47083;0,0;0,0;0,0;0;0;0
204;2145;47104;0,0;0,0;0,0;0;0;0
204;2146;47125;0,0;0,0;0,0;0;0;0
204;2147;47163;0,0;0,0;0,0;0;0;0
204;2148;47184;0,0;0,0;0,0;0;0;0
204;2149;47205;0,0;0,0;0,0;0;0;0
204;2150;47226;0,0;0,0;0,0;0;0;0
204;2151;47247;0,0;0,0;0,0;0;0;0
204;2152;47268;0,0;0,0;0,0;0;0;0
204;2153;47301;0,0;0,0;0,0;0;0;0
204;2154;47322;0,0;0,0;0,0;0;0;0
204;2155;47344;0,0;0,0;0,0;0;0;0
204;2156;47365;0,0;0,0;0,0;0;0;0
204;2157;47386;0,0;0,0;0,0;0;0;0
204;2158;47424;0,0;0,0;0,0;0;0;0
204;2159;47445;0,0;0,0;0,0;0;0;0
204;2160;47466;0,0;0,0;0,0;0;0;0
204;2161;47487;0,0;0,0;0,0;0;0;0
204;2162;47508;0,0;0,0;0,0;0;0;0
204;2163;47546;0,0;0,0;0,0;0;0;0
204;2164;47567;0,0;0,0;0,0;0;0;0
204;2165;47588;0,0;0,0;0,0;0;0;0
204;2166;47609;0,0;0,0;0,0;0;0;0
204;2167;47630;0,0;0,0;0,0;0;0;0
204;2168;47651;0,0;0,0;0,0;0;0;0
204;2169;47683;0,0;0,0;0,0;0;0;0
204;2170;47703;0,0;0,0;0,0;0;0;0
204;2171;47723;0,0;0,0;0,0;0;0;0
204;2172;47743;0,0;0,0;0,0;0;0;0
204;2173;47763;0,0;0,0;0,0;0;0;0
204;2174;47800;0,0;0,0;0,0;0;0;0
204;2175;47820;0,0;0,0;0,0;0;0;0
204;2176;47840;0,0;0,0;0,0;0;0;0
204;2177;47860;0,0;0,0;0,0;0;0;0
204;2178;47881;0,0;0,0;0,0;0;0;0
204;2179;47918;0,0;0,0;0,0;0;0;0
204;2180;47939;0,0;0,0;0,0;0;0;0
204;2181;47960;0,0;0,0;0,0;0;0;0
204;2182;47981;0,0;0,0;0,0;0;0;0
204;2183;48002;0,0;0,0;0,0;0;0;0
204;2184;48023;0,0;0,0;0,0;0;0;0
204;2185;48056;0,0;0,0;0,0;0;0;0
204;2186;48077;0,0;0,0;0,0;0;0;0
204;2187;48098;0,0;0,0;0,0;0;0;0
204;2188;48119;0,0;0,0;0,0;0;0;0
204;2189;48140;0,0;0,0;0,0;0;0;0
204;2190;48178;0,0;0,0;0,0;0;0;0
204;2191;48199;0,0;0,0;0,0;0;0;0
204;2192;48220;0,0;0,0;0,0;0;0;0
204;2193;48241;0,0;0,0;0,0;0;0;0
204;2194;48262;0,0;0,0;0,0;0;0;0
204;2195;48300;0,0;0,0;0,0;0;0;0
204;2196;48321;0,0;0,0;0,0;0;0;0
204;2197;48342;0,0;0,0;0,0;0;0;0
204;2198;48363;0,0;0,0;0,0;0;0;0
204;2199;48384;0,0;0,0;0,0;0;0;0
204;2200;48405;0,0;0,0;0,0;0;0;0
204;2201;48438;0,0;0,0;0,0;0;0;0
204;2202;48459;0,0;0,0;0,0;0;0;0
204;2203;48480;0,0;0,0;0,0;0;0;0
204;2204;48501;0,0;0,0;0,0;0;0;0
204;2205;48522;0,0;0,0;0,0;0;0;0
204;2206;48560;0,0;0,0;0,0;0;0;0
204;2207;48581;0,0;0,0;0,0;0;0;0
204;2208;48602;0,0;0,0;0,0;0;0;0
204;2209;48623;0,0;0,0;0,0;0;0;0
204;2210;48644;0,0;0,0;0,0;0;0;0
204;2211;48681;0,0;0,0;0,0;0;0;0
204;2212;48701;0,0;0,0;0,0;0;0;0
204;2213;48721;0,0;0,0;0,0;0;0;0
204;2214;48741;0,0;0,0;0,0;0;0;0
204;2215;48761;0,0;0,0;0,0;0;0;0
204;2216;48781;0,0;0,0;0,0;0;0;0
204;2217;48813;0,0;0,0;0,0;0;0;0
204;2218;48833;0,0;0,0;0,0;0;0;0
204;2219;48853;0,0;0,0;0,0;0;0;0
204;2220;48873;0,0;0,0;0,0;0;0;0
204;2221;48893;0,0;0,0;0,0;0;0;0
204;2222;48930;0,0;0,0;0,0;0;0;0
204;2223;48951;0,0;0,0;0,0;0;0;0
204;2224;48972;0,0;0,0;0,0;0;0;0
204;2225;48993;0,0;0,0;0,0;0;0;0
204;2226;49014;0,0;0,0;0,0;0;0;0
204;2227;49052;0,0;0,0;0,0;0;0;0
204;2228;49073;0,0;0,0;0,0;0;0;0
204;2229;49094;0,0;0,0;0,0;0;0;0
204;2230;49115;0,0;0,0;0,0;0;0;0
204;2231;49136;0,0;0,0;0,0;0;0;0
204;2232;49157;0,0;0,0;0,0;0;0;0
204;2233;49190;0,0;0,0;0,0;0;0;0
204;2234;49211;0,0;0,0;0,0;0;0;0
204;2235;49232;0,0;0,0;0,0;0;0;0
204;2236;49253;0,0;0,0;0,0;0;0;0
204;2237;49274;0,0;0,0;0,0;0;0;0
204;2238;49312;0,0;0,0;0,0;0;0;0
204;2239;49333;0,0;0,0;0,0;0;0;0
204;2240;49354;0,0;0,0;0,0;0;0;0
204;2241;49375;0,0;0,0;0,0;0;0;0
204;2242;49396;0,0;0,0;0,0;0;0;0
204;2243;49434;0,0;0,0;0,0;0;0;0
204;2244;49455;0,0;0,0;0,0;0;0;0
204;2245;49476;0,0;0,0;0,0;0;0;0
204;2246;49497;0,0;0,0;0,0;0;0;0
204;2247;49518;0,0;0,0;0,0;0;0;0
204;2248;49539;0,0;0,0;0,0;0;0;0
204;2249;49572;0,0;0,0;0,0;0;0;0
204;2250;49593;0,0;0,0;0,0;0;0;0
204;2251;49614;0,0;0,0;0,0;0;0;0
204;2252;49635;0,0;0,0;0,0;0;0;0
204;2253;49656;0,0;0,0;0,0;0;0;0
204;2254;49693;0,0;0,0;0,0;0;0;0
204;2255;49713;0,0;0,0;0,0;0;0;0
204;2256;49733;0,0;0,0;0,0;0;0;0
204;2257;49754;0,0;0,0;0,0;0;0;0
204;2258;49774;0,0;0,0;0,0;0;0;0
204;2259;49810;0,0;0,0;0,0;0;0;0
204;2260;49830;0,0;0,0;0,0;0;0;0
204;2261;49850;0,0;0,0;0,0;0;0;0
204;2262;49870;0,0;0,0;0,0;0;0;0
204;2263;49890;0,0;0,0;0,0;0;0;0
204;2264;49910;0,0;0,0;0,0;0;0;0
204;2265;49943;0,0;0,0;0,0;0;0;0
204;2266;49964;0,0;0,0;0,0;0;0;0
204;2267;49985;0,0;0,0;0,0;0;0;0
204;2268;50006;0,0;0,0;0,0;0;0;0
204;2269;50027;0,0;0,0;0,0;0;0;0
204;2270;50065;0,0;0,0;0,0;0;0;0
204;2271;50086;0,0;0,0;0,0;0;0;0
204;2272;50107;0,0;0,0;0,0;0;0;0
204;2273;50128;0,0;0,0;0,0;0;0;0
204;2274;50150;0,0;0,0;0,0;0;0;0
204;2275;50188;0,0;0,0;0,0;0;0;0
204;2276;50209;0,0;0,0;0,0;0;0;0
204;2277;50230;0,0;0,0;0,0;0;0;0
204;2278;50251;0,0;0,0;0,0;0;0;0
204;2279;50272;0,0;0,0;0,0;0;0;0
204;2280;50293;0,0;0,0;0,0;0;0;0
204;2281;50326;0,0;0,0;0,0;0;0;0
204;2282;50347;0,0;0,0;0,0;0;0;0
204;2283;50368;0,0;0,0;0,0;0;0;0
204;2284;50389;0,0;0,0;0,0;0;0;0
204;2285;50410;0,0;0,0;0,0;0;0;0
204;2286;50448;0,0;0,0;0,0;0;0;0
204;2287;50469;0,0;0,0;0,0;0;0;0
204;2288;50490;0,0;0,0;0,0;0;0;0
204;2289;50511;0,0;0,0;0,0;0;0;0
204;2290;50532;0,0;0,0;0,0;0;0;0
204;2291;50570;0,0;0,0;0,0;0;0;0
204;2292;50591;0,0;0,0;0,0;0;0;0
204;2293;50612;0,0;0,0;0,0;0;0;0
204;2294;50633;0,0;0,0;0,0;0;0;0
204;2295;50654;0,0;0,0;0,0;0;0;0
204;2296;50675;0,0;0,0;0,0;0;0;0
204;2297;50707;0,0;0,0;0,0;0;0;0
204;2298;50744;0,0;0,0;0,0;0;0;0
204;2299;50766;0,0;0,0;0,0;0;0;0
204;2300;50786;0,0;0,0;0,0;0;0;0
204;2301;50806;0,0;0,0;0,0;0;0;0
204;2302;50843;0,0;0,0;0,0;0;0;0
204;2303;50863;0,0;0,0;0,0;0;0;0
204;2304;50883;0,0;0,0;0,0;0;0;0
204;2305;50903;0,0;0,0;0,0;0;0;0
204;2306;50923;0,0;0,0;0,0;0;0;0
204;2307;50960;0,0;0,0;0,0;0;0;0
204;2308;50981;0,0;0,0;0,0;0;0;0
204;2309;51002;0,0;0,0;0,0;0;0;0
204;2310;51023;0,0;0,0;0,0;0;0;0
204;2311;51044;0,0;0,0;0,0;0;0;0
204;2312;51065;0,0;0,0;0,0;0;0;0
204;2313;51098;0,0;0,0;0,0;0;0;0
204;2314;51119;0,0;0,0;0,0;0;0;0
204;2315;51140;0,0;0,0;0,0;0;0;0
204;2316;51161;0,0;0,0;0,0;0;0;0
204;2317;51182;0,0;0,0;0,0;0;0;0
204;2318;51220;0,0;0,0;0,0;0;0;0
204;2319;51241;0,0;0,0;0,0;0;0;0
204;2320;51262;0,0;0,0;0,0;0;0;0
204;2321;51283;0,0;0,0;0,0;0;0;0
204;2322;51304;0,0;0,0;0,0;0;0;0
204;2323;51342;0,0;0,0;0,0;0;0;0
204;2324;51363;0,0;0,0;0,0;0;0;0
204;2325;51384;0,0;0,0;0,0;0;0;0
204;2326;51405;0,0;0,0;0,0;0;0;0
204;2327;51426;0,0;0,0;0,0;0;0;0
204;2328;51447;0,0;0,0;0,0;0;0;0
204;2329;51480;0,0;0,0;0,0;0;0;0
204;2330;51501;0,0;0,0;0,0;0;0;0
204;2331;51522;0,0;0,0;0,0;0;0;0
204;2332;51543;0,0;0,0;0,0;0;0;0
204;2333;51564;0,0;0,0;0,0;0;0;0
204;2334;51602;0,0;0,0;0,0;0;0;0
204;2335;51623;0,0;0,0;0,0;0;0;0
204;2336;51644;0,0;0,0;0,0;0;0;0
204;2337;51665;0,0;0,0;0,0;0;0;0
204;2338;51686;0,0;0,0;0,0;0;0;0
204;2339;51723;0,0;0,0;0,0;0;0;0
204;2340;51743;0,0;0,0;0,0;0;0;0
204;2341;51763;0,0;0,0;0,0;0;0;0
204;2342;51783;0,0;0,0;0,0;0;0;0
204;2343;51803;0,0;0,0;0,0;0;0;0
204;2344;51823;0,0;0,0;0,0;0;0;0
204;2345;51855;0,0;0,0;0,0;0;0;0
204;2346;51875;0,0;0,0;0,0;0;0;0
204;2347;51895;0,0;0,0;0,0;0;0;0
204;2348;51915;0,0;0,0;0,0;0;0;0
204;2349;51935;0,0;0,0;0,0;0;0;0
204;2350;51972;0,0;0,0;0,0;0;0;0
204;2351;51993;0,0;0,0;0,0;0;0;0
204;2352;52014;0,0;0,0;0,0;0;0;0
204;2353;52035;0,0;0,0;0,0;0;0;0
204;2354;52056;0,0;0,0;0,0;0;0;0
204;2355;52094;0,0;0,0;0,0;0;0;0
204;2356;52115;0,0;0,0;0,0;0;0;0
204;2357;52136;0,0;0,0;0,0;0;0;0
204;2358;52157;0,0;0,0;0,0;0;0;0
204;2359;52178;0,0;0,0;0,0;0;0;0
204;2360;52199;0,0;0,0;0,0;0;0;0
204;2361;52232;0,0;0,0;0,0;0;0;0
204;2362;52253;0,0;0,0;0,0;0;0;0
204;2363;52274;0,0;0,0;0,0;0;0;0
204;2364;52295;0,0;0,0;0,0;0;0;0
204;2365;52316;0,0;0,0;0,0;0;0;0
204;2366;52354;0,0;0,0;0,0;0;0;0
204;2367;52375;0,0;0,0;0,0;0;0;0
204;2368;52396;0,0;0,0;0,0;0;0;0
204;2369;52417;0,0;0,0;0,0;0;0;0
204;2370;52438;0,0;0,0;0,0;0;0;0
204;2371;52476;0,0;0,0;0,0;0;0;0
204;2372;52497;0,0;0,0;0,0;0;0;0
204;2373;52518;0,0;0,0;0,0;0;0;0
204;2374;52539;0,0;0,0;0,0;0;0;0
204;2375;52560;0,0;0,0;0,0;0;0;0
204;2376;52581;0,0;0,0;0,0;0;0;0
204;2377;52614;0,0;0,0;0,0;0;0;0
204;2378;52635;0,0;0,0;0,0;0;0;0
204;2379;52656;0,0;0,0;0,0;0;0;0
204;2380;52677;0,0;0,0;0,0;0;0;0
204;2381;52698;0,0;0,0;0,0;0;0;0
204;2382;52735;0,0;0,0;0,0;0;0;0
204;2383;52755;0,0;0,0;0,0;0;0;0
204;2384;52775;0,0;0,0;0,0;0;0;0
204;2385;52795;0,0;0,0;0,0;0;0;0
204;2386;52815;0,0;0,0;0,0;0;0;0
204;2387;52851;0,0;0,0;0,0;0;0;0
204;2388;52871;0,0;0,0;0,0;0;0;0
204;2389;52891;0,0;0,0;0,0;0;0;0
204;2390;52911;0,0;0,0;0,0;0;0;0
204;2391;52931;0,0;0,0;0,0;0;0;0
204;2392;52951;0,0;0,0;0,0;0;0;0
204;2393;52984;0,0;0,0;0,0;0;0;0
204;2394;53005;0,0;0,0;0,0;0;0;0
204;2395;53026;0,0;0,0;0,0;0;0;0
204;2396;53047;0,0;0,0;0,0;0;0;0
204;2397;53068;0,0;0,0;0,0;0;0;0
204;2398;53106;0,0;0,0;0,0;0;0;0
204;2399;53127;0,0;0,0;0,0;0;0;0
204;2400;53148;0,0;0,0;0,0;0;0;0
204;2401;53169;0,0;0,0;0,0;0;0;0
204;2402;53190;0,0;0,0;0,0;0;0;0
204;2403;53228;0,0;0,0;0,0;0;0;0
204;2404;53249;0,0;0,0;0,0;0;0;0
204;2405;53270;0,0;0,0;0,0;0;0;0
204;2406;53291;0,0;0,0;0,0;0;0;0
204;2407;53312;0,0;0,0;0,0;0;0;0
204;2408;53333;0,0;0,0;0,0;0;0;0
204;2409;53366;0,0;0,0;0,0;0;0;0
204;2410;53387;0,0;0,0;0,0;0;0;0
204;2411;53408;0,0;0,0;0,0;0;0;0
204;2412;53429;0,0;0,0;0,0;0;0;0
204;2413;53450;0,0;0,0;0,0;0;0;0
204;2414;53488;0,0;0,0;0,0;0;0;0
204;2415;53509;0,0;0,0;0,0;0;0;0
204;2416;53530;0,0;0,0;0,0;0;0;0
204;2417;53553;0,0;0,0;0,0;0;0;0
204;2418;53574;0,0;0,0;0,0;0;0;0
204;2419;53612;0,0;0,0;0,0;0;0;0
204;2420;53633;0,0;0,0;0,0;0;0;0
204;2421;53654;0,0;0,0;0,0;0;0;0
204;2422;53675;0,0;0,0;0,0;0;0;0
204;2423;53696;0,0;0,0;0,0;0;0;0
204;2424;53717;0,0;0,0;0,0;0;0;0
204;2425;53749;0,0;0,0;0,0;0;0;0
204;2426;53769;0,0;0,0;0,0;0;0;0
204;2427;53789;0,0;0,0;0,0;0;0;0
204;2428;53809;0,0;0,0;0,0;0;0;0
204;2429;53829;0,0;0,0;0,0;0;0;0
204;2430;53889;0,0;0,0;0,0;0;0;0
204;2431;53909;0,0;0,0;0,0;0;0;0
204;2432;53929;0,0;0,0;0,0;0;0;0
204;2433;53949;0,0;0,0;0,0;0;0;0
204;2434;53969;0,0;0,0;0,0;0;0;0
204;2435;54006;0,0;0,0;0,0;0;0;0
204;2436;54027;0,0;0,0;0,0;0;0;0
204;2437;54048;0,0;0,0;0,0;0;0;0
204;2438;54069;0,0;0,0;0,0;0;0;0
204;2439;54090;0,0;0,0;0,0;0;0;0
204;2440;54111;0,0;0,0;0,0;0;0;0
204;2441;54144;0,0;0,0;0,0;0;0;0
204;2442;54165;0,0;0,0;0,0;0;0;0
204;2443;54186;0,0;0,0;0,0;0;0;0
204;2444;54207;0,0;0,0;0,0;0;0;0
204;2445;54228;0,0;0,0;0,0;0;0;0
204;2446;54266;0,0;0,0;0,0;0;0;0
204;2447;54287;0,0;0,0;0,0;0;0;0
204;2448;54308;0,0;0,0;0,0;0;0;0
204;2449;54329;0,0;0,0;0,0;0;0;0
204;2450;54350;0,0;0,0;0,0;0;0;0
204;2451;54388;0,0;0,0;0,0;0;0;0
204;2452;54409;0,0;0,0;0,0;0;0;0
204;2453;54430;0,0;0,0;0,0;0;0;0
204;2454;54451;0,0;0,0;0,0;0;0;0
204;2455;54472;0,0;0,0;0,0;0;0;0
204;2456;54493;0,0;0,0;0,0;0;0;0
204;2457;54526;0,0;0,0;0,0;0;0;0
204;2458;54547;0,0;0,0;0,0;0;0;0
204;2459;54568;0,0;0,0;0,0;0;0;0
204;2460;54589;0,0;0,0;0,0;0;0;0
204;2461;54610;0,0;0,0;0,0;0;0;0
204;2462;54648;0,0;0,0;0,0;0;0;0
204;2463;54669;0,0;0,0;0,0;0;0;0
204;2464;54690;0,0;0,0;0,0;0;0;0
204;2465;54711;0,0;0,0;0,0;0;0;0
204;2466;54732;0,0;0,0;0,0;0;0;0
204;2467;54769;0,0;0,0;0,0;0;0;0
204;2468;54789;0,0;0,0;0,0;0;0;0
204;2469;54809;0,0;0,0;0,0;0;0;0
204;2470;54829;0,0;0,0;0,0;0;0;0
204;2471;54849;0,0;0,0;0,0;0;0;0
204;2472;54869;0,0;0,0;0,0;0;0;0
204;2473;54901;0,0;0,0;0,0;0;0;0
204;2474;54921;0,0;0,0;0,0;0;0;0
204;2475;54941;0,0;0,0;0,0;0;0;0
204;2476;54961;0,0;0,0;0,0;0;0;0
204;2477;54981;0,0;0,0;0,0;0;0;0
204;2478;55018;0,0;0,0;0,0;0;0;0
204;2479;55039;0,0;0,0;0,0;0;0;0
204;2480;55060;0,0;0,0;0,0;0;0;0
204;2481;55081;0,0;0,0;0,0;0;0;0
204;2482;55102;0,0;0,0;0,0;0;0;0
204;2483;55140;0,0;0,0;0,0;0;0;0
204;2484;55161;0,0;0,0;0,0;0;0;0
204;2485;55182;0,0;0,0;0,0;0;0;0
204;2486;55203;0,0;0,0;0,0;0;0;0
204;2487;55224;0,0;0,0;0,0;0;0;0
204;2488;55245;0,0;0,0;0,0;0;0;0
204;2489;55278;0,0;0,0;0,0;0;0;0
204;2490;55299;0,0;0,0;0,0;0;0;0
204;2491;55320;0,0;0,0;0,0;0;0;0
204;2492;55341;0,0;0,0;0,0;0;0;0
204;2493;55362;0,0;0,0;0,0;0;0;0
204;2494;55400;0,0;0,0;0,0;0;0;0
204;2495;55421;0,0;0,0;0,0;0;0;0
204;2496;55442;0,0;0,0;0,0;0;0;0
204;2497;55463;0,0;0,0;0,0;0;0;0
204;2498;55484;0,0;0,0;0,0;0;0;0
204;2499;55522;0,0;0,0;0,0;0;0;0
204;2500;55543;0,0;0,0;0,0;0;0;0
204;2501;55564;0,0;0,0;0,0;0;0;0
204;2502;55585;0,0;0,0;0,0;0;0;0
204;2503;55606;0,0;0,0;0,0;0;0;0
204;2504;55627;0,0;0,0;0,0;0;0;0
204;2505;55660;0,0;0,0;0,0;0;0;0
204;2506;55681;0,0;0,0;0,0;0;0;0
204;2507;55702;0,0;0,0;0,0;0;0;0
204;2508;55723;0,0;0,0;0,0;0;0;0
204;2509;55744;0,0;0,0;0,0;0;0;0
204;2510;55781;0,0;0,0;0,0;0;0;0
204;2511;55801;0,0;0,0;0,0;0;0;0
204;2512;55821;0,0;0,0;0,0;0;0;0
204;2513;55842;0,0;0,0;0,0;0;0;0
204;2514;55862;0,0;0,0;0,0;0;0;0
204;2515;55898;0,0;0,0;0,0;0;0;0
204;2516;55918;0,0;0,0;0,0;0;0;0
204;2517;55938;0,0;0,0;0,0;0;0;0
204;2518;55958;0,0;0,0;0,0;0;0;0
204;2519;55978;0,0;0,0;0,0;0;0;0
204;2520;55998;0,0;0,0;0,0;0;0;0
204;2521;56031;0,0;0,0;0,0;0;0;0
204;2522;56052;0,0;0,0;0,0;0;0;0
204;2523;56073;0,0;0,0;0,0;0;0;0
204;2524;56094;0,0;0,0;0,0;0;0;0
204;2525;56115;0,0;0,0;0,0;0;0;0
204;2526;56153;0,0;0,0;0,0;0;0;0
204;2527;56174;0,0;0,0;0,0;0;0;0
204;2528;56195;0,0;0,0;0,0;0;0;0
204;2529;56216;0,0;0,0;0,0;0;0;0
204;2530;56237;0,0;0,0;0,0;0;0;0
204;2531;56275;0,0;0,0;0,0;0;0;0
204;2532;56296;0,0;0,0;0,0;0;0;0
204;2533;56317;0,0;0,0;0,0;0;0;0
204;2534;56338;0,0;0,0;0,0;0;0;0
204;2535;56360;0,0;0,0;0,0;0;0;0
204;2536;56381;0,0;0,0;0,0;0;0;0
204;2537;56414;0,0;0,0;0,0;0;0;0
204;2538;56435;0,0;0,0;0,0;0;0;0
204;2539;56456;0,0;0,0;0,0;0;0;0
204;2540;56477;0,0;0,0;0,0;0;0;0
204;2541;56498;0,0;0,0;0,0;0;0;0
204;2542;56536;0,0;0,0;0,0;0;0;0
204;2543;56557;0,0;0,0;0,0;0;0;0
204;2544;56578;0,0;0,0;0,0;0;0;0
204;2545;56599;0,0;0,0;0,0;0;0;0
204;2546;56620;0,0;0,0;0,0;0;0;0
204;2547;56658;0,0;0,0;0,0;0;0;0
204;2548;56679;0,0;0,0;0,0;0;0;0
204;2549;56700;0,0;0,0;0,0;0;0;0
204;2550;56721;0,0;0,0;0,0;0;0;0
204;2551;56742;0,0;0,0;0,0;0;0;0
204;2552;56763;0,0;0,0;0,0;0;0;0
204;2553;56795;0,0;0,0;0,0;0;0;0
204;2554;56815;0,0;0,0;0,0;0;0;0
204;2555;56835;0,0;0,0;0,0;0;0;0
204;2556;56855;0,0;0,0;0,0;0;0;0
204;2557;56875;0,0;0,0;0,0;0;0;0
204;2558;56912;0,0;0,0;0,0;0;0;0
204;2559;56932;0,0;0,0;0,0;0;0;0
204;2560;56952;0,0;0,0;0,0;0;0;0
204;2561;56972;0,0;0,0;0,0;0;0;0
204;2562;56993;0,0;0,0;0,0;0;0;0
204;2563;57030;0,0;0,0;0,0;0;0;0
204;2564;57051;0,0;0,0;0,0;0;0;0
204;2565;57072;0,0;0,0;0,0;0;0;0
204;2566;57093;0,0;0,0;0,0;0;0;0
204;2567;57114;0,0;0,0;0,0;0;0;0
204;2568;57135;0,0;0,0;0,0;0;0;0
204;2569;57168;0,0;0,0;0,0;0;0;0
204;2570;57189;0,0;0,0;0,0;0;0;0
204;2571;57210;0,0;0,0;0,0;0;0;0
204;2572;57231;0,0;0,0;0,0;0;0;0
204;2573;57252;0,0;0,0;0,0;0;0;0
204;2574;57290;0,0;0,0;0,0;0;0;0
204;2575;57311;0,0;0,0;0,0;0;0;0
204;2576;57332;0,0;0,0;0,0;0;0;0
204;2577;57353;0,0;0,0;0,0;0;0;0
204;2578;57374;0,0;0,0;0,0;0;0;0
204;2579;57412;0,0;0,0;0,0;0;0;0
204;2580;57433;0,0;0,0;0,0;0;0;0
204;2581;57454;0,0;0,0;0,0;0;0;0
204;2582;57475;0,0;0,0;0,0;0;0;0
204;2583;57496;0,0;0,0;0,0;0;0;0
204;2584;57517;0,0;0,0;0,0;0;0;0
204;2585;57550;0,0;0,0;0,0;0;0;0
204;2586;57571;0,0;0,0;0,0;0;0;0
204;2587;57592;0,0;0,0;0,0;0;0;0
204;2588;57613;0,0;0,0;0,0;0;0;0
204;2589;57634;0,0;0,0;0,0;0;0;0
204;2590;57672;0,0;0,0;0,0;0;0;0
204;2591;57693;0,0;0,0;0,0;0;0;0
204;2592;57714;0,0;0,0;0,0;0;0;0
204;2593;57735;0,0;0,0;0,0;0;0;0
204;2594;57756;0,0;0,0;0,0;0;0;0
204;2595;57793;0,0;0,0;0,0;0;0;0
204;2596;57813;0,0;0,0;0,0;0;0;0
204;2597;57833;0,0;0,0;0,0;0;0;0
204;2598;57853;0,0;0,0;0,0;0;0;0
204;2599;57873;0,0;0,0;0,0;0;0;0
204;2600;57893;0,0;0,0;0,0;0;0;0
204;2601;57925;0,0;0,0;0,0;0;0;0
204;2602;57945;0,0;0,0;0,0;0;0;0
204;2603;57965;0,0;0,0;0,0;0;0;0
204;2604;57985;0,0;0,0;0,0;0;0;0
204;2605;58005;0,0;0,0;0,0;0;0;0
204;2606;58042;0,0;0,0;0,0;0;0;0
204;2607;58063;0,0;0,0;0,0;0;0;0
204;2608;58084;0,0;0,0;0,0;0;0;0
204;2609;58105;0,0;0,0;0,0;0;0;0
204;2610;58126;0,0;0,0;0,0;0;0;0
204;2611;58164;0,0;0,0;0,0;0;0;0
204;2612;58185;0,0;0,0;0,0;0;0;0
204;2613;58206;0,0;0,0;0,0;0;0;0
204;2614;58227;0,0;0,0;0,0;0;0;0
204;2615;58248;0,0;0,0;0,0;0;0;0
204;2616;58269;0,0;0,0;0,0;0;0;0
204;2617;58302;0,0;0,0;0,0;0;0;0
204;2618;58323;0,0;0,0;0,0;0;0;0
204;2619;58344;0,0;0,0;0,0;0;0;0
204;2620;58365;0,0;0,0;0,0;0;0;0
204;2621;58386;0,0;0,0;0,0;0;0;0
204;2622;58424;0,0;0,0;0,0;0;0;0
204;2623;58445;0,0;0,0;0,0;0;0;0
204;2624;58466;0,0;0,0;0,0;0;0;0
204;2625;58487;0,0;0,0;0,0;0;0;0
204;2626;58508;0,0;0,0;0,0;0;0;0
204;2627;58546;0,0;0,0;0,0;0;0;0
204;2628;58567;0,0;0,0;0,0;0;0;0
204;2629;58588;0,0;0,0;0,0;0;0;0
204;2630;58609;0,0;0,0;0,0;0;0;0
204;2631;58630;0,0;0,0;0,0;0;0;0
204;2632;58651;0,0;0,0;0,0;0;0;0
204;2633;58684;0,0;0,0;0,0;0;0;0
204;2634;58705;0,0;0,0;0,0;0;0;0
204;2635;58726;0,0;0,0;0,0;0;0;0
204;2636;58747;0,0;0,0;0,0;0;0;0
204;2637;58768;0,0;0,0;0,0;0;0;0
204;2638;58805;0,0;0,0;0,0;0;0;0
204;2639;58825;0,0;0,0;0,0;0;0;0
204;2640;58845;0,0;0,0;0,0;0;0;0
204;2641;58866;0,0;0,0;0,0;0;0;0
204;2642;58886;0,0;0,0;0,0;0;0;0
204;2643;58922;0,0;0,0;0,0;0;0;0
204;2644;58942;0,0;0,0;0,0;0;0;0
204;2645;58962;0,0;0,0;0,0;0;0;0
204;2646;58982;0,0;0,0;0,0;0;0;0
204;2647;59002;0,0;0,0;0,0;0;0;0
204;2648;59022;0,0;0,0;0,0;0;0;0
204;2649;59055;0,0;0,0;0,0;0;0;0
204;2650;59076;0,0;0,0;0,0;0;0;0
204;2651;59097;0,0;0,0;0,0;0;0;0
204;2652;59118;0,0;0,0;0,0;0;0;0
204;2653;59139;0,0;0,0;0,0;0;0;0
204;2654;59178;0,0;0,0;0,0;0;0;0
204;2655;59199;0,0;0,0;0,0;0;0;0
204;2656;59220;0,0;0,0;0,0;0;0;0
204;2657;59241;0,0;0,0;0,0;0;0;0
204;2658;59262;0,0;0,0;0,0;0;0;0
204;2659;59300;0,0;0,0;0,0;0;0;0
204;2660;59321;0,0;0,0;0,0;0;0;0
204;2661;59342;0,0;0,0;0,0;0;0;0
204;2662;59363;0,0;0,0;0,0;0;0;0
204;2663;59384;0,0;0,0;0,0;0;0;0
204;2664;59405;0,0;0,0;0,0;0;0;0
204;2665;59438;0,0;0,0;0,0;0;0;0
204;2666;59459;0,0;0,0;0,0;0;0;0
204;2667;59480;0,0;0,0;0,0;0;0;0
204;2668;59501;0,0;0,0;0,0;0;0;0
204;2669;59522;0,0;0,0;0,0;0;0;0
204;2670;59560;0,0;0,0;0,0;0;0;0
204;2671;59581;0,0;0,0;0,0;0;0;0
204;2672;59602;0,0;0,0;0,0;0;0;0
204;2673;59623;0,0;0,0;0,0;0;0;0
204;2674;59644;0,0;0,0;0,0;0;0;0
204;2675;59682;0,0;0,0;0,0;0;0;0
204;2676;59703;0,0;0,0;0,0;0;0;0
204;2677;59724;0,0;0,0;0,0;0;0;0
204;2678;59745;0,0;0,0;0,0;0;0;0
204;2679;59766;0,0;0,0;0,0;0;0;0
204;2680;59787;0,0;0,0;0,0;0;0;0
204;2681;59819;0,0;0,0;0,0;0;0;0
204;2682;59839;0,0;0,0;0,0;0;0;0
204;2683;59859;0,0;0,0;0,0;0;0;0
204;2684;59879;0,0;0,0;0,0;0;0;0
204;2685;59899;0,0;0,0;0,0;0;0;0
204;2686;59936;0,0;0,0;0,0;0;0;0
204;2687;59956;0,0;0,0;0,0;0;0;0
204;2688;59976;0,0;0,0;0,0;0;0;0
204;2689;59996;0,0;0,0;0,0;0;0;0
204;2690;60017;0,0;0,0;0,0;0;0;0
204;2691;60054;0,0;0,0;0,0;0;0;0
204;2692;60075;0,0;0,0;0,0;0;0;0
204;2693;60096;0,0;0,0;0,0;0;0;0
204;2694;60117;0,0;0,0;0,0;0;0;0
204;2695;60138;0,0;0,0;0,0;0;0;0
204;2696;60159;0,0;0,0;0,0;0;0;0
204;2697;60192;0,0;0,0;0,0;0;0;0
204;2698;60213;0,0;0,0;0,0;0;0;0
204;2699;60234;0,0;0,0;0,0;0;0;0
204;2700;60255;0,0;0,0;0,0;0;0;0
204;2701;60276;0,0;0,0;0,0;0;0;0
204;2702;60314;0,0;0,0;0,0;0;0;0
204;2703;60335;0,0;0,0;0,0;0;0;0
204;2704;60356;0,0;0,0;0,0;0;0;0
204;2705;60377;0,0;0,0;0,0;0;0;0
204;2706;60398;0,0;0,0;0,0;0;0;0
204;2707;60436;0,0;0,0;0,0;0;0;0
204;2708;60457;0,0;0,0;0,0;0;0;0
204;2709;60478;0,0;0,0;0,0;0;0;0
204;2710;60499;0,0;0,0;0,0;0;0;0
204;2711;60520;0,0;0,0;0,0;0;0;0
204;2712;60541;0,0;0,0;0,0;0;0;0
204;2713;60574;0,0;0,0;0,0;0;0;0
204;2714;60595;0,0;0,0;0,0;0;0;0
204;2715;60616;0,0;0,0;0,0;0;0;0
204;2716;60637;0,0;0,0;0,0;0;0;0
204;2717;60658;0,0;0,0;0,0;0;0;0
204;2718;60696;0,0;0,0;0,0;0;0;0
204;2719;60717;0,0;0,0;0,0;0;0;0
204;2720;60738;0,0;0,0;0,0;0;0;0
204;2721;60759;0,0;0,0;0,0;0;0;0
204;2722;60780;0,0;0,0;0,0;0;0;0
204;2723;60817;0,0;0,0;0,0;0;0;0
204;2724;60837;0,0;0,0;0,0;0;0;0
204;2725;60857;0,0;0,0;0,0;0;0;0
204;2726;60877;0,0;0,0;0,0;0;0;0
204;2727;60897;0,0;0,0;0,0;0;0;0
204;2728;60917;0,0;0,0;0,0;0;0;0
204;2729;60949;0,0;0,0;0,0;0;0;0
204;2730;60969;0,0;0,0;0,0;0;0;0
204;2731;60989;0,0;0,0;0,0;0;0;0
204;2732;61009;0,0;0,0;0,0;0;0;0
204;2733;61029;0,0;0,0;0,0;0;0;0
204;2734;61066;0,0;0,0;0,0;0;0;0
204;2735;61087;0,0;0,0;0,0;0;0;0
204;2736;61108;0,0;0,0;0,0;0;0;0
204;2737;61129;0,0;0,0;0,0;0;0;0
204;2738;61150;0,0;0,0;0,0;0;0;0
204;2739;61188;0,0;0,0;0,0;0;0;0
204;2740;61209;0,0;0,0;0,0;0;0;0
204;2741;61230;0,0;0,0;0,0;0;0;0
204;2742;61251;0,0;0,0;0,0;0;0;0
204;2743;61272;0,0;0,0;0,0;0;0;0
204;2744;61293;0,0;0,0;0,0;0;0;0
204;2745;61326;0,0;0,0;0,0;0;0;0
204;2746;61347;0,0;0,0;0,0;0;0;0
204;2747;61368;0,0;0,0;0,0;0;0;0
204;2748;61389;0,0;0,0;0,0;0;0;0
204;2749;61410;0,0;0,0;0,0;0;0;0
204;2750;61448;0,0;0,0;0,0;0;0;0
204;2751;61469;0,0;0,0;0,0;0;0;0
204;2752;61490;0,0;0,0;0,0;0;0;0
204;2753;61511;0,0;0,0;0,0;0;0;0
204;2754;61532;0,0;0,0;0,0;0;0;0
204;2755;61570;0,0;0,0;0,0;0;0;0
204;2756;61591;0,0;0,0;0,0;0;0;0
204;2757;61612;0,0;0,0;0,0;0;0;0
204;2758;61633;0,0;0,0;0,0;0;0;0
204;2759;61654;0,0;0,0;0,0;0;0;0
204;2760;61675;0,0;0,0;0,0;0;0;0
204;2761;61708;0,0;0,0;0,0;0;0;0
204;2762;61729;0,0;0,0;0,0;0;0;0
204;2763;61750;0,0;0,0;0,0;0;0;0
204;2764;61771;0,0;0,0;0,0;0;0;0
204;2765;61792;0,0;0,0;0,0;0;0;0
204;2766;61829;0,0;0,0;0,0;0;0;0
204;2767;61849;0,0;0,0;0,0;0;0;0
204;2768;61869;0,0;0,0;0,0;0;0;0
204;2769;61890;0,0;0,0;0,0;0;0;0
204;2770;61910;0,0;0,0;0,0;0;0;0
204;2771;61969;0,0;0,0;0,0;0;0;0
204;2772;61990;0,0;0,0;0,0;0;0;0
204;2773;62010;0,0;0,0;0,0;0;0;0
204;2774;62030;0,0;0,0;0,0;0;0;0
204;2775;62050;0,0;0,0;0,0;0;0;0
204;2776;62070;0,0;0,0;0,0;0;0;0
204;2777;62103;0,0;0,0;0,0;0;0;0
204;2778;62124;0,0;0,0;0,0;0;0;0
204;2779;62145;0,0;0,0;0,0;0;0;0
204;2780;62166;0,0;0,0;0,0;0;0;0
204;2781;62187;0,0;0,0;0,0;0;0;0
204;2782;62225;0,0;0,0;0,0;0;0;0
204;2783;62246;0,0;0,0;0,0;0;0;0
204;2784;62267;0,0;0,0;0,0;0;0;0
204;2785;62288;0,0;0,0;0,0;0;0;0
204;2786;62309;0,0;0,0;0,0;0;0;0
204;2787;62347;0,0;0,0;0,0;0;0;0
204;2788;62368;0,0;0,0;0,0;0;0;0
204;2789;62389;0,0;0,0;0,0;0;0;0
204;2790;62410;0,0;0,0;0,0;0;0;0
204;2791;62431;0,0;0,0;0,0;0;0;0
204;2792;62452;0,0;0,0;0,0;0;0;0
204;2793;62485;0,0;0,0;0,0;0;0;0
204;2794;62506;0,0;0,0;0,0;0;0;0
204;2795;62527;0,0;0,0;0,0;0;0;0
204;2796;62548;0,0;0,0;0,0;0;0;0
204;2797;62569;0,0;0,0;0,0;0;0;0
204;2798;62607;0,0;0,0;0,0;0;0;0
204;2799;62628;0,0;0,0;0,0;0;0;0
204;2800;62649;0,0;0,0;0,0;0;0;0
204;2801;62670;0,0;0,0;0,0;0;0;0
204;2802;62691;0,0;0,0;0,0;0;0;0
204;2803;62729;0,0;0,0;0,0;0;0;0
204;2804;62750;0,0;0,0;0,0;0;0;0
204;2805;62771;0,0;0,0;0,0;0;0;0
204;2806;62792;0,0;0,0;0,0;0;0;0
204;2807;62813;0,0;0,0;0,0;0;0;0
204;2808;62834;0,0;0,0;0,0;0;0;0
204;2809;62866;0,0;0,0;0,0;0;0;0
204;2810;62886;0,0;0,0;0,0;0;0;0
204;2811;62906;0,0;0,0;0,0;0;0;0
204;2812;62926;0,0;0,0;0,0;0;0;0
204;2813;62946;0,0;0,0;0,0;0;0;0
204;2814;62983;0,0;0,0;0,0;0;0;0
204;2815;63003;0,0;0,0;0,0;0;0;0
204;2816;63023;0,0;0,0;0,0;0;0;0
204;2817;63043;0,0;0,0;0,0;0;0;0
204;2818;63064;0,0;0,0;0,0;0;0;0
204;2819;63101;0,0;0,0;0,0;0;0;0
204;2820;63122;0,0;0,0;0,0;0;0;0
204;2821;63143;0,0;0,0;0,0;0;0;0
204;2822;63164;0,0;0,0;0,0;0;0;0
204;2823;63185;0,0;0,0;0,0;0;0;0
204;2824;63206;0,0;0,0;0,0;0;0;0
204;2825;63239;0,0;0,0;0,0;0;0;0
204;2826;63260;0,0;0,0;0,0;0;0;0
204;2827;63281;0,0;0,0;0,0;0;0;0
204;2828;63302;0,0;0,0;0,0;0;0;0
204;2829;63323;0,0;0,0;0,0;0;0;0
204;2830;63361;0,0;0,0;0,0;0;0;0
204;2831;63382;0,0;0,0;0,0;0;0;0
204;2832;63403;0,0;0,0;0,0;0;0;0
204;2833;63424;0,0;0,0;0,0;0;0;0
204;2834;63445;0,0;0,0;0,0;0;0;0
204;2835;63483;0,0;0,0;0,0;0;0;0
204;2836;63504;0,0;0,0;0,0;0;0;0
204;2837;63525;0,0;0,0;0,0;0;0;0
204;2838;63546;0,0;0,0;0,0;0;0;0
204;2839;63567;0,0;0,0;0,0;0;0;0
204;2840;63588;0,0;0,0;0,0;0;0;0
204;2841;63621;0,0;0,0;0,0;0;0;0
204;2842;63642;0,0;0,0;0,0;0;0;0
204;2843;63663;0,0;0,0;0,0;0;0;0
204;2844;63684;0,0;0,0;0,0;0;0;0
204;2845;63705;0,0;0,0;0,0;0;0;0
204;2846;63743;0,0;0,0;0,0;0;0;0
204;2847;63764;0,0;0,0;0,0;0;0;0
204;2848;63785;0,0;0,0;0,0;0;0;0
204;2849;63806;0,0;0,0;0,0;0;0;0
204;2850;63827;0,0;0,0;0,0;0;0;0
204;2851;63864;0,0;0,0;0,0;0;0;0
204;2852;63884;0,0;0,0;0,0;0;0;0
204;2853;63904;0,0;0,0;0,0;0;0;0
204;2854;63924;0,0;0,0;0,0;0;0;0
204;2855;63944;0,0;0,0;0,0;0;0;0
204;2856;63964;0,0;0,0;0,0;0;0;0
204;2857;63996;0,0;0,0;0,0;0;0;0
204;2858;64016;0,0;0,0;0,0;0;0;0
204;2859;64036;0,0;0,0;0,0;0;0;0
204;2860;64056;0,0;0,0;0,0;0;0;0
204;2861;64076;0,0;0,0;0,0;0;0;0
204;2862;64113;0,0;0,0;0,0;0;0;0
204;2863;64134;0,0;0,0;0,0;0;0;0
204;2864;64155;0,0;0,0;0,0;0;0;0
204;2865;64176;0,0;0,0;0,0;0;0;0
204;2866;64197;0,0;0,0;0,0;0;0;0
204;2867;64235;0,0;0,0;0,0;0;0;0
204;2868;64256;0,0;0,0;0,0;0;0;0
204;2869;64277;0,0;0,0;0,0;0;0;0
204;2870;64298;0,0;0,0;0,0;0;0;0
204;2871;64319;0,0;0,0;0,0;0;0;0
204;2872;64340;0,0;0,0;0,0;0;0;0
204;2873;64373;0,0;0,0;0,0;0;0;0
204;2874;64394;0,0;0,0;0,0;0;0;0
204;2875;64415;0,0;0,0;0,0;0;0;0
204;2876;64436;0,0;0,0;0,0;0;0;0
204;2877;64457;0,0;0,0;0,0;0;0;0
204;2878;64495;0,0;0,0;0,0;0;0;0
204;2879;64516;0,0;0,0;0,0;0;0;0
204;2880;64537;0,0;0,0;0,0;0;0;0
204;2881;64558;0,0;0,0;0,0;0;0;0
204;2882;64579;0,0;0,0;0,0;0;0;0
204;2883;64617;0,0;0,0;0,0;0;0;0
204;2884;64638;0,0;0,0;0,0;0;0;0
204;2885;64659;0,0;0,0;0,0;0;0;0
204;2886;64680;0,0;0,0;0,0;0;0;0
204;2887;64701;0,0;0,0;0,0;0;0;0
204;2888;64722;0,0;0,0;0,0;0;0;0
204;2889;64755;0,0;0,0;0,0;0;0;0
204;2890;64776;0,0;0,0;0,0;0;0;0
204;2891;64799;0,0;0,0;0,0;0;0;0
204;2892;64820;0,0;0,0;0,0;0;0;0
204;2893;64841;0,0;0,0;0,0;0;0;0
204;2894;64878;0,0;0,0;0,0;0;0;0
204;2895;64898;0,0;0,0;0,0;0;0;0
204;2896;64918;0,0;0,0;0,0;0;0;0
204;2897;64939;0,0;0,0;0,0;0;0;0
204;2898;64959;0,0;0,0;0,0;0;0;0
204;2899;64995;0,0;0,0;0,0;0;0;0
204;2900;65015;0,0;0,0;0,0;0;0;0
204;2901;65035;0,0;0,0;0,0;0;0;0
204;2902;65055;0,0;0,0;0,0;0;0;0
204;2903;65075;0,0;0,0;0,0;0;0;0
204;2904;65095;0,0;0,0;0,0;0;0;0
204;2905;65128;0,0;0,0;0,0;0;0;0
204;2906;65149;0,0;0,0;0,0;0;0;0
204;2907;65170;0,0;0,0;0,0;0;0;0
204;2908;65191;0,0;0,0;0,0;0;0;0
204;2909;65212;0,0;0,0;0,0;0;0;0
204;2910;65250;0,0;0,0;0,0;0;0;0
204;2911;65271;0,0;0,0;0,0;0;0;0
204;2912;65292;0,0;0,0;0,0;0;0;0
204;2913;65313;0,0;0,0;0,0;0;0;0
204;2914;65334;0,0;0,0;0,0;0;0;0
204;2915;65372;0,0;0,0;0,0;0;0;0
204;2916;65393;0,0;0,0;0,0;0;0;0
204;2917;65414;0,0;0,0;0,0;0;0;0
204;2918;65435;0,0;0,0;0,0;0;0;0
204;2919;65456;0,0;0,0;0,0;0;0;0
204;2920;65477;0,0;0,0;0,0;0;0;0
204;2921;65510;0,0;0,0;0,0;0;0;0
204;2922;65531;0,0;0,0;0,0;0;0;0
204;2923;65552;0,0;0,0;0,0;0;0;0
204;2924;65573;0,0;0,0;0,0;0;0;0
204;2925;65594;0,0;0,0;0,0;0;0;0
204;2926;65632;0,0;0,0;0,0;0;0;0
204;2927;65653;0,0;0,0;0,0;0;0;0
204;2928;65674;0,0;0,0;0,0;0;0;0
204;2929;65695;0,0;0,0;0,0;0;0;0
204;2930;65716;0,0;0,0;0,0;0;0;0
204;2931;65754;0,0;0,0;0,0;0;0;0
204;2932;65775;0,0;0,0;0,0;0;0;0
204;2933;65796;0,0;0,0;0,0;0;0;0
204;2934;65817;0,0;0,0;0,0;0;0;0
204;2935;65838;0,0;0,0;0,0;0;0;0
204;2936;65859;0,0;0,0;0,0;0;0;0
204;2937;65891;0,0;0,0;0,0;0;0;0
204;2938;65911;0,0;0,0;0,0;0;0;0
204;2939;65931;0,0;0,0;0,0;0;0;0
204;2940;65951;0,0;0,0;0,0;0;0;0
204;2941;65971;0,0;0,0;0,0;0;0;0
204;2942;66008;0,0;0,0;0,0;0;0;0
204;2943;66028;0,0;0,0;0,0;0;0;0
204;2944;66048;0,0;0,0;0,0;0;0;0
204;2945;66068;0,0;0,0;0,0;0;0;0
204;2946;66089;0,0;0,0;0,0;0;0;0
204;2947;66126;0,0;0,0;0,0;0;0;0
204;2948;66147;0,0;0,0;0,0;0;0;0
204;2949;66168;0,0;0,0;0,0;0;0;0
204;2950;66189;0,0;0,0;0,0;0;0;0
204;2951;66210;0,0;0,0;0,0;0;0;0
204;2952;66231;0,0;0,0;0,0;0;0;0
204;2953;66264;0,0;0,0;0,0;0;0;0
204;2954;66285;0,0;0,0;0,0;0;0;0
204;2955;66306;0,0;0,0;0,0;0;0;0
204;2956;66327;0,0;0,0;0,0;0;0;0
204;2957;66348;0,0;0,0;0,0;0;0;0
204;2958;66386;0,0;0,0;0,0;0;0;0
204;2959;66407;0,0;0,0;0,0;0;0;0
204;2960;66428;0,0;0,0;0,0;0;0;0
204;2961;66449;0,0;0,0;0,0;0;0;0
204;2962;66470;0,0;0,0;0,0;0;0;0
204;2963;66508;0,0;0,0;0,0;0;0;0
204;2964;66529;0,0;0,0;0,0;0;0;0
204;2965;66550;0,0;0,0;0,0;0;0;0
204;2966;66571;0,0;0,0;0,0;0;0;0
204;2967;66592;0,0;0,0;0,0;0;0;0
204;2968;66613;0,0;0,0;0,0;0;0;0
204;2969;66646;0,0;0,0;0,0;0;0;0
204;2970;66667;0,0;0,0;0,0;0;0;0
204;2971;66688;0,0;0,0;0,0;0;0;0
204;2972;66709;0,0;0,0;0,0;0;0;0
204;2973;66730;0,0;0,0;0,0;0;0;0
204;2974;66768;0,0;0,0;0,0;0;0;0
204;2975;66789;0,0;0,0;0,0;0;0;0
204;2976;66810;0,0;0,0;0,0;0;0;0
204;2977;66831;0,0;0,0;0,0;0;0;0
204;2978;66852;0,0;0,0;0,0;0;0;0
204;2979;66889;0,0;0,0;0,0;0;0;0
204;2980;66909;0,0;0,0;0,0;0;0;0
204;2981;66929;0,0;0,0;0,0;0;0;0
204;2982;66949;0,0;0,0;0,0;0;0;0
204;2983;66969;0,0;0,0;0,0;0;0;0
204;2984;66989;0,0;0,0;0,0;0;0;0
204;2985;67021;0,0;0,0;0,0;0;0;0
204;2986;67041;0,0;0,0;0,0;0;0;0
204;2987;67061;0,0;0,0;0,0;0;0;0
204;2988;67081;0,0;0,0;0,0;0;0;0
204;2989;67101;0,0;0,0;0,0;0;0;0
204;2990;67138;0,0;0,0;0,0;0;0;0
204;2991;67159;0,0;0,0;0,0;0;0;0
204;2992;67180;0,0;0,0;0,0;0;0;0
204;2993;67201;0,0;0,0;0,0;0;0;0
204;2994;67222;0,0;0,0;0,0;0;0;0
204;2995;67260;0,0;0,0;0,0;0;0;0
204;2996;67281;0,0;0,0;0,0;0;0;0
204;2997;67302;0,0;0,0;0,0;0;0;0
204;2998;67323;0,0;0,0;0,0;0;0;0
204;2999;67344;0,0;0,0;0,0;0;0;0
204;3000;67365;0,0;0,0;0,0;0;0;0
204;3001;67398;0,0;0,0;0,0;0;0;0
204;3002;67419;0,0;0,0;0,0;0;0;0
204;3003;67440;0,0;0,0;0,0;0;0;0
204;3004;67461;0,0;0,0;0,0;0;0;0
204;3005;67482;0,0;0,0;0,0;0;0;0
204;3006;67520;0,0;0,0;0,0;0;0;0
204;3007;67541;0,0;0,0;0,0;0;0;0
204;3008;67562;0,0;0,0;0,0;0;0;0
204;3009;67584;0,0;0,0;0,0;0;0;0
204;3010;67605;0,0;0,0;0,0;0;0;0
204;3011;67643;0,0;0,0;0,0;0;0;0
204;3012;67664;0,0;0,0;0,0;0;0;0
204;3013;67685;0,0;0,0;0,0;0;0;0
204;3014;67706;0,0;0,0;0,0;0;0;0
204;3015;67727;0,0;0,0;0,0;0;0;0
204;3016;67748;0,0;0,0;0,0;0;0;0
204;3017;67781;0,0;0,0;0,0;0;0;0
204;3018;67802;0,0;0,0;0,0;0;0;0
204;3019;67823;0,0;0,0;0,0;0;0;0
204;3020;67844;0,0;0,0;0,0;0;0;0
204;3021;67865;0,0;0,0;0,0;0;0;0
204;3022;67902;0,0;0,0;0,0;0;0;0
204;3023;67922;0,0;0,0;0,0;0;0;0
204;3024;67942;0,0;0,0;0,0;0;0;0
204;3025;67963;0,0;0,0;0,0;0;0;0
204;3026;67983;0,0;0,0;0,0;0;0;0
204;3027;68019;0,0;0,0;0,0;0;0;0
204;3028;68039;0,0;0,0;0,0;0;0;0
204;3029;68059;0,0;0,0;0,0;0;0;0
204;3030;68079;0,0;0,0;0,0;0;0;0
204;3031;68099;0,0;0,0;0,0;0;0;0
204;3032;68119;0,0;0,0;0,0;0;0;0
204;3033;68152;0,0;0,0;0,0;0;0;0
204;3034;68173;0,0;0,0;0,0;0;0;0
204;3035;68194;0,0;0,0;0,0;0;0;0
204;3036;68215;0,0;0,0;0,0;0;0;0
204;3037;68236;0,0;0,0;0,0;0;0;0
204;3038;68274;0,0;0,0;0,0;0;0;0
204;3039;68295;0,0;0,0;0,0;0;0;0
204;3040;68316;0,0;0,0;0,0;0;0;0
204;3041;68337;0,0;0,0;0,0;0;0;0
204;3042;68358;0,0;0,0;0,0;0;0;0
204;3043;68396;0,0;0,0;0,0;0;0;0
204;3044;68417;0,0;0,0;0,0;0;0;0
204;3045;68438;0,0;0,0;0,0;0;0;0
204;3046;68459;0,0;0,0;0,0;0;0;0
204;3047;68480;0,0;0,0;0,0;0;0;0
204;3048;68501;0,0;0,0;0,0;0;0;0
204;3049;68534;0,0;0,0;0,0;0;0;0
204;3050;68555;0,0;0,0;0,0;0;0;0
204;3051;68576;0,0;0,0;0,0;0;0;0
204;3052;68597;0,0;0,0;0,0;0;0;0
204;3053;68618;0,0;0,0;0,0;0;0;0
204;3054;68656;0,0;0,0;0,0;0;0;0
204;3055;68677;0,0;0,0;0,0;0;0;0
204;3056;68698;0,0;0,0;0,0;0;0;0
204;3057;68719;0,0;0,0;0,0;0;0;0
204;3058;68740;0,0;0,0;0,0;0;0;0
204;3059;68778;0,0;0,0;0,0;0;0;0
204;3060;68799;0,0;0,0;0,0;0;0;0
204;3061;68820;0,0;0,0;0,0;0;0;0
204;3062;68841;0,0;0,0;0,0;0;0;0
204;3063;68862;0,0;0,0;0,0;0;0;0
204;3064;68883;0,0;0,0;0,0;0;0;0
204;3065;68915;0,0;0,0;0,0;0;0;0
204;3066;68935;0,0;0,0;0,0;0;0;0
204;3067;68955;0,0;0,0;0,0;0;0;0
204;3068;68975;0,0;0,0;0,0;0;0;0
204;3069;68995;0,0;0,0;0,0;0;0;0
204;3070;69032;0,0;0,0;0,0;0;0;0
204;3071;69052;0,0;0,0;0,0;0;0;0
204;3072;69072;0,0;0,0;0,0;0;0;0
204;3073;69092;0,0;0,0;0,0;0;0;0
204;3074;69113;0,0;0,0;0,0;0;0;0
204;3075;69150;0,0;0,0;0,0;0;0;0
204;3076;69171;0,0;0,0;0,0;0;0;0
204;3077;69192;0,0;0,0;0,0;0;0;0
204;3078;69213;0,0;0,0;0,0;0;0;0
204;3079;69234;0,0;0,0;0,0;0;0;0
204;3080;69255;0,0;0,0;0,0;0;0;0
204;3081;69288;0,0;0,0;0,0;0;0;0
204;3082;69309;0,0;0,0;0,0;0;0;0
204;3083;69330;0,0;0,0;0,0;0;0;0
204;3084;69351;0,0;0,0;0,0;0;0;0
204;3085;69372;0,0;0,0;0,0;0;0;0
204;3086;69410;0,0;0,0;0,0;0;0;0
204;3087;69431;0,0;0,0;0,0;0;0;0
204;3088;69452;0,0;0,0;0,0;0;0;0
204;3089;69473;0,0;0,0;0,0;0;0;0
204;3090;69494;0,0;0,0;0,0;0;0;0
204;3091;69532;0,0;0,0;0,0;0;0;0
204;3092;69553;0,0;0,0;0,0;0;0;0
204;3093;69574;0,0;0,0;0,0;0;0;0
204;3094;69595;0,0;0,0;0,0;0;0;0
204;3095;69616;0,0;0,0;0,0;0;0;0
204;3096;69637;0,0;0,0;0,0;0;0;0
204;3097;69670;0,0;0,0;0,0;0;0;0
204;3098;69691;0,0;0,0;0,0;0;0;0
204;3099;69712;0,0;0,0;0,0;0;0;0
204;3100;69733;0,0;0,0;0,0;0;0;0
204;3101;69754;0,0;0,0;0,0;0;0;0
204;3102;69792;0,0;0,0;0,0;0;0;0
204;3103;69813;0,0;0,0;0,0;0;0;0
204;3104;69834;0,0;0,0;0,0;0;0;0
204;3105;69855;0,0;0,0;0,0;0;0;0
204;3106;69876;0,0;0,0;0,0;0;0;0
204;3107;69913;0,0;0,0;0,0;0;0;0
204;3108;69933;0,0;0,0;0,0;0;0;0
204;3109;69953;0,0;0,0;0,0;0;0;0
204;3110;69973;0,0;0,0;0,0;0;0;0
204;3111;69993;0,0;0,0;0,0;0;0;0
204;3112;70013;0,0;0,0;0,0;0;0;0
204;3113;70067;0,0;0,0;0,0;0;0;0
204;3114;70087;0,0;0,0;0,0;0;0;0
204;3115;70107;0,0;0,0;0,0;0;0;0
204;3116;70127;0,0;0,0;0,0;0;0;0
204;3117;70147;0,0;0,0;0,0;0;0;0
204;3118;70184;0,0;0,0;0,0;0;0;0
204;3119;70205;0,0;0,0;0,0;0;0;0
204;3120;70226;0,0;0,0;0,0;0;0;0
204;3121;70247;0,0;0,0;0,0;0;0;0
204;3122;70268;0,0;0,0;0,0;0;0;0
204;3123;70306;0,0;0,0;0,0;0;0;0
204;3124;70327;0,0;0,0;0,0;0;0;0
204;3125;70348;0,0;0,0;0,0;0;0;0
204;3126;70369;0,0;0,0;0,0;0;0;0
204;3127;70390;0,0;0,0;0,0;0;0;0
204;3128;70412;0,0;0,0;0,0;0;0;0
204;3129;70445;0,0;0,0;0,0;0;0;0
204;3130;70466;0,0;0,0;0,0;0;0;0
204;3131;70487;0,0;0,0;0,0;0;0;0
204;3132;70508;0,0;0,0;0,0;0;0;0
204;3133;70529;0,0;0,0;0,0;0;0;0
204;3134;70567;0,0;0,0;0,0;0;0;0
204;3135;70588;0,0;0,0;0,0;0;0;0
204;3136;70609;0,0;0,0;0,0;0;0;0
204;3137;70630;0,0;0,0;0,0;0;0;0
204;3138;70651;0,0;0,0;0,0;0;0;0
204;3139;70689;0,0;0,0;0,0;0;0;0
204;3140;70710;0,0;0,0;0,0;0;0;0
204;3141;70731;0,0;0,0;0,0;0;0;0
204;3142;70752;0,0;0,0;0,0;0;0;0
204;3143;70773;0,0;0,0;0,0;0;0;0
204;3144;70794;0,0;0,0;0,0;0;0;0
204;3145;70827;0,0;0,0;0,0;0;0;0
204;3146;70848;0,0;0,0;0,0;0;0;0
204;3147;70869;0,0;0,0;0,0;0;0;0
204;3148;70890;0,0;0,0;0,0;0;0;0
204;3149;70911;0,0;0,0;0,0;0;0;0
204;3150;70948;0,0;0,0;0,0;0;0;0
204;3151;70968;0,0;0,0;0,0;0;0;0
204;3152;70988;0,0;0,0;0,0;0;0;0
204;3153;71009;0,0;0,0;0,0;0;0;0
204;3154;71029;0,0;0,0;0,0;0;0;0
204;3155;71065;0,0;0,0;0,0;0;0;0
204;3156;71085;0,0;0,0;0,0;0;0;0
204;3157;71105;0,0;0,0;0,0;0;0;0
204;3158;71125;0,0;0,0;0,0;0;0;0
204;3159;71145;0,0;0,0;0,0;0;0;0
204;3160;71165;0,0;0,0;0,0;0;0;0
204;3161;71198;0,0;0,0;0,0;0;0;0
204;3162;71219;0,0;0,0;0,0;0;0;0
204;3163;71240;0,0;0,0;0,0;0;0;0
204;3164;71261;0,0;0,0;0,0;0;0;0
204;3165;71282;0,0;0,0;0,0;0;0;0
204;3166;71320;0,0;0,0;0,0;0;0;0
204;3167;71341;0,0;0,0;0,0;0;0;0
204;3168;71362;0,0;0,0;0,0;0;0;0
204;3169;71383;0,0;0,0;0,0;0;0;0
204;3170;71404;0,0;0,0;0,0;0;0;0
204;3171;71442;0,0;0,0;0,0;0;0;0
204;3172;71463;0,0;0,0;0,0;0;0;0
204;3173;71484;0,0;0,0;0,0;0;0;0
204;3174;71505;0,0;0,0;0,0;0;0;0
204;3175;71526;0,0;0,0;0,0;0;0;0
204;3176;71547;0,0;0,0;0,0;0;0;0
204;3177;71580;0,0;0,0;0,0;0;0;0
204;3178;71601;0,0;0,0;0,0;0;0;0
204;3179;71622;0,0;0,0;0,0;0;0;0
204;3180;71643;0,0;0,0;0,0;0;0;0
204;3181;71664;0,0;0,0;0,0;0;0;0
204;3182;71702;0,0;0,0;0,0;0;0;0
204;3183;71723;0,0;0,0;0,0;0;0;0
204;3184;71744;0,0;0,0;0,0;0;0;0
204;3185;71765;0,0;0,0;0,0;0;0;0
204;3186;71786;0,0;0,0;0,0;0;0;0
204;3187;71824;0,0;0,0;0,0;0;0;0
204;3188;71845;0,0;0,0;0,0;0;0;0
204;3189;71866;0,0;0,0;0,0;0;0;0
204;3190;71887;0,0;0,0;0,0;0;0;0
204;3191;71908;0,0;0,0;0,0;0;0;0
204;3192;71929;0,0;0,0;0,0;0;0;0
204;3193;71961;0,0;0,0;0,0;0;0;0
204;3194;71981;0,0;0,0;0,0;0;0;0
204;3195;72001;0,0;0,0;0,0;0;0;0
204;3196;72021;0,0;0,0;0,0;0;0;0
204;3197;72041;0,0;0,0;0,0;0;0;0
204;3198;72078;0,0;0,0;0,0;0;0;0
204;3199;72098;0,0;0,0;0,0;0;0;0
204;3200;72118;0,0;0,0;0,0;0;0;0
204;3201;72138;0,0;0,0;0,0;0;0;0
204;3202;72159;0,0;0,0;0,0;0;0;0
204;3203;72196;0,0;0,0;0,0;0;0;0
204;3204;72217;0,0;0,0;0,0;0;0;0
204;3205;72238;0,0;0,0;0,0;0;0;0
204;3206;72259;0,0;0,0;0,0;0;0;0
204;3207;72280;0,0;0,0;0,0;0;0;0
204;3208;72301;0,0;0,0;0,0;0;0;0
204;3209;72334;0,0;0,0;0,0;0;0;0
204;3210;72355;0,0;0,0;0,0;0;0;0
204;3211;72376;0,0;0,0;0,0;0;0;0
204;3212;72397;0,0;0,0;0,0;0;0;0
204;3213;72418;0,0;0,0;0,0;0;0;0
204;3214;72456;0,0;0,0;0,0;0;0;0
204;3215;72477;0,0;0,0;0,0;0;0;0
204;3216;72498;0,0;0,0;0,0;0;0;0
204;3217;72519;0,0;0,0;0,0;0;0;0
204;3218;72540;0,0;0,0;0,0;0;0;0
204;3219;72578;0,0;0,0;0,0;0;0;0
204;3220;72599;0,0;0,0;0,0;0;0;0
204;3221;72620;0,0;0,0;0,0;0;0;0
204;3222;72641;0,0;0,0;0,0;0;0;0
204;3223;72662;0,0;0,0;0,0;0;0;0
204;3224;72683;0,0;0,0;0,0;0;0;0
204;3225;72716;0,0;0,0;0,0;0;0;0
204;3226;72737;0,0;0,0;0,0;0;0;0
204;3227;72758;0,0;0,0;0,0;0;0;0
204;3228;72779;0,0;0,0;0,0;0;0;0
204;3229;72800;0,0;0,0;0,0;0;0;0
204;3230;72838;0,0;0,0;0,0;0;0;0
204;3231;72859;0,0;0,0;0,0;0;0;0
204;3232;72880;0,0;0,0;0,0;0;0;0
204;3233;72901;0,0;0,0;0,0;0;0;0
204;3234;72922;0,0;0,0;0,0;0;0;0
204;3235;72959;0,0;0,0;0,0;0;0;0
204;3236;72979;0,0;0,0;0,0;0;0;0
204;3237;72999;0,0;0,0;0,0;0;0;0
204;3238;73019;0,0;0,0;0,0;0;0;0
204;3239;73039;0,0;0,0;0,0;0;0;0
204;3240;73059;0,0;0,0;0,0;0;0;0
204;3241;73091;0,0;0,0;0,0;0;0;0
204;3242;73111;0,0;0,0;0,0;0;0;0
204;3243;73131;0,0;0,0;0,0;0;0;0
204;3244;73151;0,0;0,0;0,0;0;0;0
204;3245;73171;0,0;0,0;0,0;0;0;0
204;3246;73209;0,0;0,0;0,0;0;0;0
204;3247;73230;0,0;0,0;0,0;0;0;0
204;3248;73251;0,0;0,0;0,0;0;0;0
204;3249;73272;0,0;0,0;0,0;0;0;0
204;3250;73293;0,0;0,0;0,0;0;0;0
204;3251;73331;0,0;0,0;0,0;0;0;0
204;3252;73352;0,0;0,0;0,0;0;0;0
204;3253;73373;0,0;0,0;0,0;0;0;0
204;3254;73394;0,0;0,0;0,0;0;0;0
204;3255;73415;0,0;0,0;0,0;0;0;0
204;3256;73436;0,0;0,0;0,0;0;0;0
204;3257;73469;0,0;0,0;0,0;0;0;0
204;3258;73490;0,0;0,0;0,0;0;0;0
204;3259;73511;0,0;0,0;0,0;0;0;0
204;3260;73532;0,0;0,0;0,0;0;0;0
204;3261;73553;0,0;0,0;0,0;0;0;0
204;3262;73591;0,0;0,0;0,0;0;0;0
204;3263;73612;0,0;0,0;0,0;0;0;0
204;3264;73633;0,0;0,0;0,0;0;0;0
204;3265;73654;0,0;0,0;0,0;0;0;0
204;3266;73675;0,0;0,0;0,0;0;0;0
204;3267;73713;0,0;0,0;0,0;0;0;0
204;3268;73734;0,0;0,0;0,0;0;0;0
204;3269;73755;0,0;0,0;0,0;0;0;0
204;3270;73776;0,0;0,0;0,0;0;0;0
204;3271;73797;0,0;0,0;0,0;0;0;0
204;3272;73818;0,0;0,0;0,0;0;0;0
204;3273;73851;0,0;0,0;0,0;0;0;0
204;3274;73872;0,0;0,0;0,0;0;0;0
204;3275;73893;0,0;0,0;0,0;0;0;0
204;3276;73914;0,0;0,0;0,0;0;0;0
204;3277;73935;0,0;0,0;0,0;0;0;0
204;3278;73972;0,0;0,0;0,0;0;0;0
204;3279;73992;0,0;0,0;0,0;0;0;0
204;3280;74012;0,0;0,0;0,0;0;0;0
204;3281;74033;0,0;0,0;0,0;0;0;0
204;3282;74053;0,0;0,0;0,0;0;0;0
204;3283;74089;0,0;0,0;0,0;0;0;0
204;3284;74109;0,0;0,0;0,0;0;0;0
204;3285;74129;0,0;0,0;0,0;0;0;0
204;3286;74149;0,0;0,0;0,0;0;0;0
204;3287;74169;0,0;0,0;0,0;0;0;0
204;3288;74189;0,0;0,0;0,0;0;0;0
204;3289;74222;0,0;0,0;0,0;0;0;0
204;3290;74243;0,0;0,0;0,0;0;0;0
204;3291;74264;0,0;0,0;0,0;0;0;0
204;3292;74285;0,0;0,0;0,0;0;0;0
204;3293;74306;0,0;0,0;0,0;0;0;0
204;3294;74344;0,0;0,0;0,0;0;0;0
204;3295;74365;0,0;0,0;0,0;0;0;0
204;3296;74386;0,0;0,0;0,0;0;0;0
204;3297;74407;0,0;0,0;0,0;0;0;0
204;3298;74428;0,0;0,0;0,0;0;0;0
204;3299;74466;0,0;0,0;0,0;0;0;0
204;3300;74487;0,0;0,0;0,0;0;0;0
204;3301;74508;0,0;0,0;0,0;0;0;0
204;3302;74529;0,0;0,0;0,0;0;0;0
204;3303;74550;0,0;0,0;0,0;0;0;0
204;3304;74571;0,0;0,0;0,0;0;0;0
204;3305;74604;0,0;0,0;0,0;0;0;0
204;3306;74625;0,0;0,0;0,0;0;0;0
204;3307;74646;0,0;0,0;0,0;0;0;0
204;3308;74667;0,0;0,0;0,0;0;0;0
204;3309;74688;0,0;0,0;0,0;0;0;0
204;3310;74726;0,0;0,0;0,0;0;0;0
204;3311;74747;0,0;0,0;0,0;0;0;0
204;3312;74768;0,0;0,0;0,0;0;0;0
204;3313;74789;0,0;0,0;0,0;0;0;0
204;3314;74810;0,0;0,0;0,0;0;0;0
204;3315;74848;0,0;0,0;0,0;0;0;0
204;3316;74869;0,0;0,0;0,0;0;0;0
204;3317;74890;0,0;0,0;0,0;0;0;0
204;3318;74911;0,0;0,0;0,0;0;0;0
204;3319;74932;0,0;0,0;0,0;0;0;0
204;3320;74953;0,0;0,0;0,0;0;0;0
204;3321;74985;0,0;0,0;0,0;0;0;0
204;3322;75005;0,0;0,0;0,0;0;0;0
204;3323;75025;0,0;0,0;0,0;0;0;0
204;3324;75045;0,0;0,0;0,0;0;0;0
204;3325;75065;0,0;0,0;0,0;0;0;0
204;3326;75102;0,0;0,0;0,0;0;0;0
204;3327;75122;0,0;0,0;0,0;0;0;0
204;3328;75142;0,0;0,0;0,0;0;0;0
204;3329;75162;0,0;0,0;0,0;0;0;0
204;3330;75183;0,0;0,0;0,0;0;0;0
204;3331;75220;0,0;0,0;0,0;0;0;0
204;3332;75241;0,0;0,0;0,0;0;0;0
204;3333;75262;0,0;0,0;0,0;0;0;0
204;3334;75283;0,0;0,0;0,0;0;0;0
204;3335;75304;0,0;0,0;0,0;0;0;0
204;3336;75325;0,0;0,0;0,0;0;0;0
204;3337;75358;0,0;0,0;0,0;0;0;0
204;3338;75379;0,0;0,0;0,0;0;0;0
204;3339;75400;0,0;0,0;0,0;0;0;0
204;3340;75421;0,0;0,0;0,0;0;0;0
204;3341;75442;0,0;0,0;0,0;0;0;0
204;3342;75480;0,0;0,0;0,0;0;0;0
204;3343;75501;0,0;0,0;0,0;0;0;0
204;3344;75522;0,0;0,0;0,0;0;0;0
204;3345;75543;0,0;0,0;0,0;0;0;0
204;3346;75564;0,0;0,0;0,0;0;0;0
204;3347;75602;0,0;0,0;0,0;0;0;0
204;3348;75623;0,0;0,0;0,0;0;0;0
204;3349;75644;0,0;0,0;0,0;0;0;0
204;3350;75665;0,0;0,0;0,0;0;0;0
204;3351;75686;0,0;0,0;0,0;0;0;0
204;3352;75707;0,0;0,0;0,0;0;0;0
204;3353;75740;0,0;0,0;0,0;0;0;0
204;3354;75761;0,0;0,0;0,0;0;0;0
204;3355;75782;0,0;0,0;0,0;0;0;0
204;3356;75803;0,0;0,0;0,0;0;0;0
204;3357;75824;0,0;0,0;0,0;0;0;0
204;3358;75862;0,0;0,0;0,0;0;0;0
204;3359;75883;0,0;0,0;0,0;0;0;0
204;3360;75904;0,0;0,0;0,0;0;0;0
204;3361;75925;0,0;0,0;0,0;0;0;0
204;3362;75946;0,0;0,0;0,0;0;0;0
204;3363;75983;0,0;0,0;0,0;0;0;0
204;3364;76003;0,0;0,0;0,0;0;0;0
204;3365;76026;0,0;0,0;0,0;0;0;0
204;3366;76046;0,0;0,0;0,0;0;0;0
204;3367;76066;0,0;0,0;0,0;0;0;0
204;3368;76086;0,0;0,0;0,0;0;0;0
204;3369;76118;0,0;0,0;0,0;0;0;0
204;3370;76138;0,0;0,0;0,0;0;0;0
204;3371;76158;0,0;0,0;0,0;0;0;0
204;3372;76178;0,0;0,0;0,0;0;0;0
204;3373;76198;0,0;0,0;0,0;0;0;0
204;3374;76235;0,0;0,0;0,0;0;0;0
204;3375;76256;0,0;0,0;0,0;0;0;0
204;3376;76277;0,0;0,0;0,0;0;0;0
204;3377;76298;0,0;0,0;0,0;0;0;0
204;3378;76319;0,0;0,0;0,0;0;0;0
204;3379;76357;0,0;0,0;0,0;0;0;0
204;3380;76378;0,0;0,0;0,0;0;0;0
204;3381;76399;0,0;0,0;0,0;0;0;0
204;3382;76420;0,0;0,0;0,0;0;0;0
204;3383;76441;0,0;0,0;0,0;0;0;0
204;3384;76462;0,0;0,0;0,0;0;0;0
204;3385;76495;0,0;0,0;0,0;0;0;0
204;3386;76516;0,0;0,0;0,0;0;0;0
204;3387;76537;0,0;0,0;0,0;0;0;0
204;3388;76558;0,0;0,0;0,0;0;0;0
204;3389;76579;0,0;0,0;0,0;0;0;0
204;3390;76617;0,0;0,0;0,0;0;0;0
204;3391;76638;0,0;0,0;0,0;0;0;0
204;3392;76659;0,0;0,0;0,0;0;0;0
204;3393;76680;0,0;0,0;0,0;0;0;0
204;3394;76701;0,0;0,0;0,0;0;0;0
204;3395;76739;0,0;0,0;0,0;0;0;0
204;3396;76760;0,0;0,0;0,0;0;0;0
204;3397;76781;0,0;0,0;0,0;0;0;0
204;3398;76802;0,0;0,0;0,0;0;0;0
204;3399;76823;0,0;0,0;0,0;0;0;0
204;3400;76844;0,0;0,0;0,0;0;0;0
204;3401;76877;0,0;0,0;0,0;0;0;0
204;3402;76898;0,0;0,0;0,0;0;0;0
204;3403;76919;0,0;0,0;0,0;0;0;0
204;3404;76940;0,0;0,0;0,0;0;0;0
204;3405;76961;0,0;0,0;0,0;0;0;0
204;3406;76998;0,0;0,0;0,0;0;0;0
204;3407;77018;0,0;0,0;0,0;0;0;0
204;3408;77038;0,0;0,0;0,0;0;0;0
204;3409;77059;0,0;0,0;0,0;0;0;0
204;3410;77079;0,0;0,0;0,0;0;0;0
204;3411;77115;0,0;0,0;0,0;0;0;0
204;3412;77135;0,0;0,0;0,0;0;0;0
204;3413;77155;0,0;0,0;0,0;0;0;0
204;3414;77175;0,0;0,0;0,0;0;0;0
204;3415;77195;0,0;0,0;0,0;0;0;0
204;3416;77215;0,0;0,0;0,0;0;0;0
204;3417;77248;0,0;0,0;0,0;0;0;0
204;3418;77269;0,0;0,0;0,0;0;0;0
204;3419;77290;0,0;0,0;0,0;0;0;0
204;3420;77311;0,0;0,0;0,0;0;0;0
204;3421;77332;0,0;0,0;0,0;0;0;0
204;3422;77370;0,0;0,0;0,0;0;0;0
204;3423;77391;0,0;0,0;0,0;0;0;0
204;3424;77412;0,0;0,0;0,0;0;0;0
204;3425;77433;0,0;0,0;0,0;0;0;0
204;3426;77454;0,0;0,0;0,0;0;0;0
204;3427;77492;0,0;0,0;0,0;0;0;0
204;3428;77513;0,0;0,0;0,0;0;0;0
204;3429;77534;0,0;0,0;0,0;0;0;0
204;3430;77555;0,0;0,0;0,0;0;0;0
204;3431;77576;0,0;0,0;0,0;0;0;0
204;3432;77597;0,0;0,0;0,0;0;0;0
204;3433;77630;0,0;0,0;0,0;0;0;0
204;3434;77651;0,0;0,0;0,0;0;0;0
204;3435;77672;0,0;0,0;0,0;0;0;0
204;3436;77693;0,0;0,0;0,0;0;0;0
204;3437;77714;0,0;0,0;0,0;0;0;0
204;3438;77752;0,0;0,0;0,0;0;0;0
204;3439;77773;0,0;0,0;0,0;0;0;0
204;3440;77794;0,0;0,0;0,0;0;0;0
204;3441;77815;0,0;0,0;0,0;0;0;0
204;3442;77836;0,0;0,0;0,0;0;0;0
204;3443;77874;0,0;0,0;0,0;0;0;0
204;3444;77895;0,0;0,0;0,0;0;0;0
204;3445;77916;0,0;0,0;0,0;0;0;0
204;3446;77937;0,0;0,0;0,0;0;0;0
204;3447;77958;0,0;0,0;0,0;0;0;0
204;3448;77979;0,0;0,0;0,0;0;0;0
204;3449;78011;0,0;0,0;0,0;0;0;0
204;3450;78031;0,0;0,0;0,0;0;0;0
204;3451;78051;0,0;0,0;0,0;0;0;0
204;3452;78071;0,0;0,0;0,0;0;0;0
204;3453;78091;0,0;0,0;0,0;0;0;0
204;3454;78151;0,0;0,0;0,0;0;0;0
204;3455;78171;0,0;0,0;0,0;0;0;0
204;3456;78191;0,0;0,0;0,0;0;0;0
204;3457;78211;0,0;0,0;0,0;0;0;0
204;3458;78232;0,0;0,0;0,0;0;0;0
204;3459;78269;0,0;0,0;0,0;0;0;0
204;3460;78290;0,0;0,0;0,0;0;0;0
204;3461;78311;0,0;0,0;0,0;0;0;0
204;3462;78332;0,0;0,0;0,0;0;0;0
204;3463;78353;0,0;0,0;0,0;0;0;0
204;3464;78374;0,0;0,0;0,0;0;0;0
204;3465;78407;0,0;0,0;0,0;0;0;0
204;3466;78428;0,0;0,0;0,0;0;0;0
204;3467;78449;0,0;0,0;0,0;0;0;0
204;3468;78470;0,0;0,0;0,0;0;0;0
204;3469;78491;0,0;0,0;0,0;0;0;0
204;3470;78529;0,0;0,0;0,0;0;0;0
204;3471;78550;0,0;0,0;0,0;0;0;0
204;3472;78571;0,0;0,0;0,0;0;0;0
204;3473;78592;0,0;0,0;0,0;0;0;0
204;3474;78613;0,0;0,0;0,0;0;0;0
204;3475;78651;0,0;0,0;0,0;0;0;0
204;3476;78672;0,0;0,0;0,0;0;0;0
204;3477;78693;0,0;0,0;0,0;0;0;0
204;3478;78714;0,0;0,0;0,0;0;0;0
204;3479;78735;0,0;0,0;0,0;0;0;0
204;3480;78756;0,0;0,0;0,0;0;0;0
204;3481;78789;0,0;0,0;0,0;0;0;0
204;3482;78810;0,0;0,0;0,0;0;0;0
204;3483;78831;0,0;0,0;0,0;0;0;0
204;3484;78853;0,0;0,0;0,0;0;0;0
204;3485;78874;0,0;0,0;0,0;0;0;0
204;3486;78912;0,0;0,0;0,0;0;0;0
204;3487;78933;0,0;0,0;0,0;0;0;0
204;3488;78954;0,0;0,0;0,0;0;0;0
204;3489;78975;0,0;0,0;0,0;0;0;0
204;3490;78996;0,0;0,0;0,0;0;0;0
204;3491;79033;0,0;0,0;0,0;0;0;0
204;3492;79053;0,0;0,0;0,0;0;0;0
204;3493;79073;0,0;0,0;0,0;0;0;0
204;3494;79093;0,0;0,0;0,0;0;0;0
204;3495;79113;0,0;0,0;0,0;0;0;0
204;3496;79133;0,0;0,0;0,0;0;0;0
204;3497;79165;0,0;0,0;0,0;0;0;0
204;3498;79185;0,0;0,0;0,0;0;0;0
204;3499;79205;0,0;0,0;0,0;0;0;0
204;3500;79225;0,0;0,0;0,0;0;0;0
204;3501;79245;0,0;0,0;0,0;0;0;0
204;3502;79282;0,0;0,0;0,0;0;0;0
204;3503;79303;0,0;0,0;0,0;0;0;0
204;3504;79324;0,0;0,0;0,0;0;0;0
204;3505;79345;0,0;0,0;0,0;0;0;0
204;3506;79366;0,0;0,0;0,0;0;0;0
204;3507;79404;0,0;0,0;0,0;0;0;0
204;3508;79425;0,0;0,0;0,0;0;0;0
204;3509;79446;0,0;0,0;0,0;0;0;0
204;3510;79467;0,0;0,0;0,0;0;0;0
204;3511;79488;0,0;0,0;0,0;0;0;0
204;3512;79509;0,0;0,0;0,0;0;0;0
204;3513;79542;0,0;0,0;0,0;0;0;0
204;3514;79563;0,0;0,0;0,0;0;0;0
204;3515;79584;0,0;0,0;0,0;0;0;0
204;3516;79605;0,0;0,0;0,0;0;0;0
204;3517;79626;0,0;0,0;0,0;0;0;0
204;3518;79664;0,0;0,0;0,0;0;0;0
204;3519;79685;0,0;0,0;0,0;0;0;0
204;3520;79706;0,0;0,0;0,0;0;0;0
204;3521;79727;0,0;0,0;0,0;0;0;0
204;3522;79748;0,0;0,0;0,0;0;0;0
204;3523;79786;0,0;0,0;0,0;0;0;0
204;3524;79807;0,0;0,0;0,0;0;0;0
204;3525;79828;0,0;0,0;0,0;0;0;0
204;3526;79849;0,0;0,0;0,0;0;0;0
204;3527;79870;0,0;0,0;0,0;0;0;0
204;3528;79891;0,0;0,0;0,0;0;0;0
204;3529;79924;0,0;0,0;0,0;0;0;0
204;3530;79945;0,0;0,0;0,0;0;0;0
204;3531;79966;0,0;0,0;0,0;0;0;0
204;3532;79987;0,0;0,0;0,0;0;0;0
204;3533;80008;0,0;0,0;0,0;0;0;0
204;3534;80045;0,0;0,0;0,0;0;0;0
204;3535;80065;0,0;0,0;0,0;0;0;0
204;3536;80085;0,0;0,0;0,0;0;0;0
204;3537;80106;0,0;0,0;0,0;0;0;0
204;3538;80126;0,0;0,0;0,0;0;0;0
204;3539;80162;0,0;0,0;0,0;0;0;0
204;3540;80182;0,0;0,0;0,0;0;0;0
204;3541;80202;0,0;0,0;0,0;0;0;0
204;3542;80222;0,0;0,0;0,0;0;0;0
204;3543;80242;0,0;0,0;0,0;0;0;0
204;3544;80262;0,0;0,0;0,0;0;0;0
204;3545;80295;0,0;0,0;0,0;0;0;0
204;3546;80316;0,0;0,0;0,0;0;0;0
204;3547;80337;0,0;0,0;0,0;0;0;0
204;3548;80358;0,0;0,0;0,0;0;0;0
204;3549;80379;0,0;0,0;0,0;0;0;0
204;3550;80417;0,0;0,0;0,0;0;0;0
204;3551;80438;0,0;0,0;0,0;0;0;0
204;3552;80459;0,0;0,0;0,0;0;0;0
204;3553;80480;0,0;0,0;0,0;0;0;0
204;3554;80501;0,0;0,0;0,0;0;0;0
204;3555;80539;0,0;0,0;0,0;0;0;0
204;3556;80560;0,0;0,0;0,0;0;0;0
204;3557;80581;0,0;0,0;0,0;0;0;0
204;3558;80602;0,0;0,0;0,0;0;0;0
204;3559;80623;0,0;0,0;0,0;0;0;0
204;3560;80644;0,0;0,0;0,0;0;0;0
204;3561;80677;0,0;0,0;0,0;0;0;0
204;3562;80698;0,0;0,0;0,0;0;0;0
204;3563;80719;0,0;0,0;0,0;0;0;0
204;3564;80740;0,0;0,0;0,0;0;0;0
204;3565;80761;0,0;0,0;0,0;0;0;0
204;3566;80799;0,0;0,0;0,0;0;0;0
204;3567;80820;0,0;0,0;0,0;0;0;0
204;3568;80841;0,0;0,0;0,0;0;0;0
204;3569;80862;0,0;0,0;0,0;0;0;0
204;3570;80883;0,0;0,0;0,0;0;0;0
204;3571;80921;0,0;0,0;0,0;0;0;0
204;3572;80942;0,0;0,0;0,0;0;0;0
204;3573;80963;0,0;0,0;0,0;0;0;0
204;3574;80984;0,0;0,0;0,0;0;0;0
204;3575;81005;0,0;0,0;0,0;0;0;0
204;3576;81026;0,0;0,0;0,0;0;0;0
204;3577;81058;0,0;0,0;0,0;0;0;0
204;3578;81078;0,0;0,0;0,0;0;0;0
204;3579;81098;0,0;0,0;0,0;0;0;0
204;3580;81118;0,0;0,0;0,0;0;0;0
204;3581;81138;0,0;0,0;0,0;0;0;0
204;3582;81175;0,0;0,0;0,0;0;0;0
204;3583;81195;0,0;0,0;0,0;0;0;0
204;3584;81215;0,0;0,0;0,0;0;0;0
204;3585;81235;0,0;0,0;0,0;0;0;0
204;3586;81256;0,0;0,0;0,0;0;0;0
204;3587;81293;0,0;0,0;0,0;0;0;0
204;3588;81314;0,0;0,0;0,0;0;0;0
204;3589;81335;0,0;0,0;0,0;0;0;0
204;3590;81356;0,0;0,0;0,0;0;0;0
204;3591;81377;0,0;0,0;0,0;0;0;0
204;3592;81398;0,0;0,0;0,0;0;0;0
204;3593;81431;0,0;0,0;0,0;0;0;0
204;3594;81452;0,0;0,0;0,0;0;0;0
204;3595;81473;0,0;0,0;0,0;0;0;0
204;3596;81494;0,0;0,0;0,0;0;0;0
204;3597;81515;0,0;0,0;0,0;0;0;0
204;3598;81553;0,0;0,0;0,0;0;0;0
204;3599;81574;0,0;0,0;0,0;0;0;0
204;3600;81595;0,0;0,0;0,0;0;0;0
204;3601;81616;0,0;0,0;0,0;0;0;0
204;3602;81638;0,0;0,0;0,0;0;0;0
204;3603;81676;0,0;0,0;0,0;0;0;0
204;3604;81697;0,0;0,0;0,0;0;0;0
204;3605;81718;0,0;0,0;0,0;0;0;0
204;3606;81739;0,0;0,0;0,0;0;0;0
204;3607;81760;0,0;0,0;0,0;0;0;0
204;3608;81781;0,0;0,0;0,0;0;0;0
204;3609;81814;0,0;0,0;0,0;0;0;0
204;3610;81835;0,0;0,0;0,0;0;0;0
204;3611;81856;0,0;0,0;0,0;0;0;0
204;3612;81877;0,0;0,0;0,0;0;0;0
204;3613;81898;0,0;0,0;0,0;0;0;0
204;3614;81936;0,0;0,0;0,0;0;0;0
204;3615;81957;0,0;0,0;0,0;0;0;0
204;3616;81978;0,0;0,0;0,0;0;0;0
204;3617;81999;0,0;0,0;0,0;0;0;0
204;3618;82020;0,0;0,0;0,0;0;0;0
204;3619;82057;0,0;0,0;0,0;0;0;0
204;3620;82077;0,0;0,0;0,0;0;0;0
204;3621;82097;0,0;0,0;0,0;0;0;0
204;3622;82117;0,0;0,0;0,0;0;0;0
204;3623;82137;0,0;0,0;0,0;0;0;0
204;3624;82157;0,0;0,0;0,0;0;0;0
204;3625;82189;0,0;0,0;0,0;0;0;0
204;3626;82209;0,0;0,0;0,0;0;0;0
204;3627;82229;0,0;0,0;0,0;0;0;0
204;3628;82249;0,0;0,0;0,0;0;0;0
204;3629;82269;0,0;0,0;0,0;0;0;0
204;3630;82306;0,0;0,0;0,0;0;0;0
204;3631;82327;0,0;0,0;0,0;0;0;0
204;3632;82348;0,0;0,0;0,0;0;0;0
204;3633;82369;0,0;0,0;0,0;0;0;0
204;3634;82390;0,0;0,0;0,0;0;0;0
204;3635;82428;0,0;0,0;0,0;0;0;0
204;3636;82449;0,0;0,0;0,0;0;0;0
204;3637;82470;0,0;0,0;0,0;0;0;0
204;3638;82491;0,0;0,0;0,0;0;0;0
204;3639;82512;0,0;0,0;0,0;0;0;0
204;3640;82533;0,0;0,0;0,0;0;0;0
204;3641;82566;0,0;0,0;0,0;0;0;0
204;3642;82587;0,0;0,0;0,0;0;0;0
204;3643;82608;0,0;0,0;0,0;0;0;0
204;3644;82629;0,0;0,0;0,0;0;0;0
204;3645;82650;0,0;0,0;0,0;0;0;0
204;3646;82688;0,0;0,0;0,0;0;0;0
204;3647;82709;0,0;0,0;0,0;0;0;0
204;3648;82730;0,0;0,0;0,0;0;0;0
204;3649;82751;0,0;0,0;0,0;0;0;0
204;3650;82772;0,0;0,0;0,0;0;0;0
204;3651;82810;0,0;0,0;0,0;0;0;0
204;3652;82831;0,0;0,0;0,0;0;0;0
204;3653;82852;0,0;0,0;0,0;0;0;0
204;3654;82873;0,0;0,0;0,0;0;0;0
204;3655;82894;0,0;0,0;0,0;0;0;0
204;3656;82915;0,0;0,0;0,0;0;0;0
204;3657;82948;0,0;0,0;0,0;0;0;0
204;3658;82969;0,0;0,0;0,0;0;0;0
204;3659;82990;0,0;0,0;0,0;0;0;0
204;3660;83011;0,0;0,0;0,0;0;0;0
204;3661;83032;0,0;0,0;0,0;0;0;0
204;3662;83069;0,0;0,0;0,0;0;0;0
204;3663;83089;0,0;0,0;0,0;0;0;0
204;3664;83109;0,0;0,0;0,0;0;0;0
204;3665;83130;0,0;0,0;0,0;0;0;0
204;3666;83150;0,0;0,0;0,0;0;0;0
204;3667;83186;0,0;0,0;0,0;0;0;0
204;3668;83206;0,0;0,0;0,0;0;0;0
204;3669;83226;0,0;0,0;0,0;0;0;0
204;3670;83246;0,0;0,0;0,0;0;0;0
204;3671;83266;0,0;0,0;0,0;0;0;0
204;3672;83286;0,0;0,0;0,0;0;0;0
204;3673;83319;0,0;0,0;0,0;0;0;0
204;3674;83340;0,0;0,0;0,0;0;0;0
204;3675;83361;0,0;0,0;0,0;0;0;0
204;3676;83382;0,0;0,0;0,0;0;0;0
204;3677;83403;0,0;0,0;0,0;0;0;0
204;3678;83441;0,0;0,0;0,0;0;0;0
204;3679;83462;0,0;0,0;0,0;0;0;0
204;3680;83483;0,0;0,0;0,0;0;0;0
204;3681;83504;0,0;0,0;0,0;0;0;0
204;3682;83525;0,0;0,0;0,0;0;0;0
204;3683;83563;0,0;0,0;0,0;0;0;0
204;3684;83584;0,0;0,0;0,0;0;0;0
204;3685;83605;0,0;0,0;0,0;0;0;0
204;3686;83626;0,0;0,0;0,0;0;0;0
204;3687;83647;0,0;0,0;0,0;0;0;0
204;3688;83668;0,0;0,0;0,0;0;0;0
204;3689;83701;0,0;0,0;0,0;0;0;0
204;3690;83722;0,0;0,0;0,0;0;0;0
204;3691;83743;0,0;0,0;0,0;0;0;0
204;3692;83764;0,0;0,0;0,0;0;0;0
204;3693;83785;0,0;0,0;0,0;0;0;0
204;3694;83823;0,0;0,0;0,0;0;0;0
204;3695;83844;0,0;0,0;0,0;0;0;0
204;3696;83865;0,0;0,0;0,0;0;0;0
204;3697;83886;0,0;0,0;0,0;0;0;0
204;3698;83907;0,0;0,0;0,0;0;0;0
204;3699;83945;0,0;0,0;0,0;0;0;0
204;3700;83966;0,0;0,0;0,0;0;0;0
204;3701;83987;0,0;0,0;0,0;0;0;0
204;3702;84008;0,0;0,0;0,0;0;0;0
204;3703;84029;0,0;0,0;0,0;0;0;0
204;3704;84050;0,0;0,0;0,0;0;0;0
204;3705;84082;0,0;0,0;0,0;0;0;0
204;3706;84102;0,0;0,0;0,0;0;0;0
204;3707;84122;0,0;0,0;0,0;0;0;0
204;3708;84142;0,0;0,0;0,0;0;0;0
204;3709;84162;0,0;0,0;0,0;0;0;0
204;3710;84199;0,0;0,0;0,0;0;0;0
204;3711;84219;0,0;0,0;0,0;0;0;0
204;3712;84239;0,0;0,0;0,0;0;0;0
204;3713;84259;0,0;0,0;0,0;0;0;0
204;3714;84280;0,0;0,0;0,0;0;0;0
204;3715;84317;0,0;0,0;0,0;0;0;0
204;3716;84338;0,0;0,0;0,0;0;0;0
204;3717;84359;0,0;0,0;0,0;0;0;0
204;3718;84380;0,0;0,0;0,0;0;0;0
204;3719;84401;0,0;0,0;0,0;0;0;0
204;3720;84422;0,0;0,0;0,0;0;0;0
204;3721;84456;0,0;0,0;0,0;0;0;0
204;3722;84477;0,0;0,0;0,0;0;0;0
204;3723;84498;0,0;0,0;0,0;0;0;0
204;3724;84519;0,0;0,0;0,0;0;0;0
204;3725;84540;0,0;0,0;0,0;0;0;0
204;3726;84578;0,0;0,0;0,0;0;0;0
204;3727;84599;0,0;0,0;0,0;0;0;0
204;3728;84620;0,0;0,0;0,0;0;0;0
204;3729;84641;0,0;0,0;0,0;0;0;0
204;3730;84662;0,0;0,0;0,0;0;0;0
204;3731;84700;0,0;0,0;0,0;0;0;0
204;3732;84721;0,0;0,0;0,0;0;0;0
204;3733;84742;0,0;0,0;0,0;0;0;0
204;3734;84763;0,0;0,0;0,0;0;0;0
204;3735;84784;0,0;0,0;0,0;0;0;0
204;3736;84805;0,0;0,0;0,0;0;0;0
204;3737;84838;0,0;0,0;0,0;0;0;0
204;3738;84859;0,0;0,0;0,0;0;0;0
204;3739;84880;0,0;0,0;0,0;0;0;0
204;3740;84901;0,0;0,0;0,0;0;0;0
204;3741;84922;0,0;0,0;0,0;0;0;0
204;3742;84960;0,0;0,0;0,0;0;0;0
204;3743;84981;0,0;0,0;0,0;0;0;0
204;3744;85019;0,0;0,0;0,0;0;0;0
204;3745;85040;0,0;0,0;0,0;0;0;0
204;3746;85061;0,0;0,0;0,0;0;0;0
204;3747;85099;0,0;0,0;0,0;0;0;0
204;3748;85119;0,0;0,0;0,0;0;0;0
204;3749;85139;0,0;0,0;0,0;0;0;0
204;3750;85159;0,0;0,0;0,0;0;0;0
204;3751;85179;0,0;0,0;0,0;0;0;0
204;3752;85199;0,0;0,0;0,0;0;0;0
204;3753;85231;0,0;0,0;0,0;0;0;0
204;3754;85251;0,0;0,0;0,0;0;0;0
204;3755;85271;0,0;0,0;0,0;0;0;0
204;3756;85291;0,0;0,0;0,0;0;0;0
204;3757;85311;0,0;0,0;0,0;0;0;0
204;3758;85348;0,0;0,0;0,0;0;0;0
204;3759;85369;0,0;0,0;0,0;0;0;0
204;3760;85390;0,0;0,0;0,0;0;0;0
204;3761;85411;0,0;0,0;0,0;0;0;0
204;3762;85432;0,0;0,0;0,0;0;0;0
204;3763;85470;0,0;0,0;0,0;0;0;0
204;3764;85491;0,0;0,0;0,0;0;0;0
204;3765;85512;0,0;0,0;0,0;0;0;0
204;3766;85533;0,0;0,0;0,0;0;0;0
204;3767;85554;0,0;0,0;0,0;0;0;0
204;3768;85575;0,0;0,0;0,0;0;0;0
204;3769;85608;0,0;0,0;0,0;0;0;0
204;3770;85629;0,0;0,0;0,0;0;0;0
204;3771;85650;0,0;0,0;0,0;0;0;0
204;3772;85671;0,0;0,0;0,0;0;0;0
204;3773;85692;0,0;0,0;0,0;0;0;0
204;3774;85730;0,0;0,0;0,0;0;0;0
204;3775;85751;0,0;0,0;0,0;0;0;0
204;3776;85772;0,0;0,0;0,0;0;0;0
204;3777;85793;0,0;0,0;0,0;0;0;0
204;3778;85814;0,0;0,0;0,0;0;0;0
204;3779;85852;0,0;0,0;0,0;0;0;0
204;3780;85873;0,0;0,0;0,0;0;0;0
204;3781;85894;0,0;0,0;0,0;0;0;0
204;3782;85915;0,0;0,0;0,0;0;0;0
204;3783;85936;0,0;0,0;0,0;0;0;0
204;3784;85957;0,0;0,0;0,0;0;0;0
204;3785;85990;0,0;0,0;0,0;0;0;0
204;3786;86011;0,0;0,0;0,0;0;0;0
204;3787;86032;0,0;0,0;0,0;0;0;0
204;3788;86053;0,0;0,0;0,0;0;0;0
204;3789;86074;0,0;0,0;0,0;0;0;0
204;3790;86111;0,0;0,0;0,0;0;0;0
204;3791;86131;0,0;0,0;0,0;0;0;0
204;3792;86151;0,0;0,0;0,0;0;0;0
204;3793;86171;0,0;0,0;0,0;0;0;0
204;3794;86191;0,0;0,0;0,0;0;0;0
204;3795;86250;0,0;0,0;0,0;0;0;0
204;3796;86270;0,0;0,0;0,0;0;0;0
204;3797;86290;0,0;0,0;0,0;0;0;0
204;3798;86310;0,0;0,0;0,0;0;0;0
204;3799;86330;0,0;0,0;0,0;0;0;0
204;3800;86350;0,0;0,0;0,0;0;0;0
204;3801;86383;0,0;0,0;0,0;0;0;0
204;3802;86404;0,0;0,0;0,0;0;0;0
204;3803;86425;0,0;0,0;0,0;0;0;0
204;3804;86446;0,0;0,0;0,0;0;0;0
204;3805;86467;0,0;0,0;0,0;0;0;0
204;3806;86505;0,0;0,0;0,0;0;0;0
204;3807;86526;0,0;0,0;0,0;0;0;0
204;3808;86547;0,0;0,0;0,0;0;0;0
204;3809;86568;0,0;0,0;0,0;0;0;0
204;3810;86589;0,0;0,0;0,0;0;0;0
204;3811;86627;0,0;0,0;0,0;0;0;0
204;3812;86648;0,0;0,0;0,0;0;0;0
204;3813;86669;0,0;0,0;0,0;0;0;0
204;3814;86690;0,0;0,0;0,0;0;0;0
204;3815;86711;0,0;0,0;0,0;0;0;0
204;3816;86732;0,0;0,0;0,0;0;0;0
204;3817;86765;0,0;0,0;0,0;0;0;0
204;3818;86786;0,0;0,0;0,0;0;0;0
204;3819;86807;0,0;0,0;0,0;0;0;0
204;3820;86828;0,0;0,0;0,0;0;0;0
204;3821;86849;0,0;0,0;0,0;0;0;0
204;3822;86887;0,0;0,0;0,0;0;0;0
204;3823;86908;0,0;0,0;0,0;0;0;0
204;3824;86929;0,0;0,0;0,0;0;0;0
204;3825;86950;0,0;0,0;0,0;0;0;0
204;3826;86971;0,0;0,0;0,0;0;0;0
204;3827;87009;0,0;0,0;0,0;0;0;0
204;3828;87030;0,0;0,0;0,0;0;0;0
204;3829;87051;0,0;0,0;0,0;0;0;0
204;3830;87072;0,0;0,0;0,0;0;0;0
204;3831;87093;0,0;0,0;0,0;0;0;0
204;3832;87114;0,0;0,0;0,0;0;0;0
204;3833;87146;0,0;0,0;0,0;0;0;0
204;3834;87166;0,0;0,0;0,0;0;0;0
204;3835;87186;0,0;0,0;0,0;0;0;0
204;3836;87206;0,0;0,0;0,0;0;0;0
204;3837;87226;0,0;0,0;0,0;0;0;0
204;3838;87262;0,0;0,0;0,0;0;0;0
204;3839;87282;0,0;0,0;0,0;0;0;0
204;3840;87302;0,0;0,0;0,0;0;0;0
204;3841;87322;0,0;0,0;0,0;0;0;0
204;3842;87342;0,0;0,0;0,0;0;0;0
204;3843;87379;0,0;0,0;0,0;0;0;0
204;3844;87400;0,0;0,0;0,0;0;0;0
204;3845;87421;0,0;0,0;0,0;0;0;0
204;3846;87442;0,0;0,0;0,0;0;0;0
204;3847;87463;0,0;0,0;0,0;0;0;0
204;3848;87484;0,0;0,0;0,0;0;0;0
204;3849;87517;0,0;0,0;0,0;0;0;0
204;3850;87538;0,0;0,0;0,0;0;0;0
204;3851;87559;0,0;0,0;0,0;0;0;0
204;3852;87580;0,0;0,0;0,0;0;0;0
204;3853;87601;0,0;0,0;0,0;0;0;0
204;3854;87639;0,0;0,0;0,0;0;0;0
204;3855;87660;0,0;0,0;0,0;0;0;0
204;3856;87681;0,0;0,0;0,0;0;0;0
204;3857;87702;0,0;0,0;0,0;0;0;0
204;3858;87723;0,0;0,0;0,0;0;0;0
204;3859;87761;0,0;0,0;0,0;0;0;0
204;3860;87782;0,0;0,0;0,0;0;0;0
204;3861;87803;0,0;0,0;0,0;0;0;0
204;3862;87826;0,0;0,0;0,0;0;0;0
204;3863;87847;0,0;0,0;0,0;0;0;0
204;3864;87868;0,0;0,0;0,0;0;0;0
204;3865;87901;0,0;0,0;0,0;0;0;0
204;3866;87922;0,0;0,0;0,0;0;0;0
204;3867;87943;0,0;0,0;0,0;0;0;0
204;3868;87964;0,0;0,0;0,0;0;0;0
204;3869;87985;0,0;0,0;0,0;0;0;0
204;3870;88023;0,0;0,0;0,0;0;0;0
204;3871;88044;0,0;0,0;0,0;0;0;0
204;3872;88065;0,0;0,0;0,0;0;0;0
204;3873;88086;0,0;0,0;0,0;0;0;0
204;3874;88107;0,0;0,0;0,0;0;0;0
204;3875;88144;0,0;0,0;0,0;0;0;0
204;3876;88164;0,0;0,0;0,0;0;0;0
204;3877;88184;0,0;0,0;0,0;0;0;0
204;3878;88204;0,0;0,0;0,0;0;0;0
204;3879;88224;0,0;0,0;0,0;0;0;0
204;3880;88244;0,0;0,0;0,0;0;0;0
204;3881;88276;0,0;0,0;0,0;0;0;0
204;3882;88296;0,0;0,0;0,0;0;0;0
204;3883;88316;0,0;0,0;0,0;0;0;0
204;3884;88336;0,0;0,0;0,0;0;0;0
204;3885;88356;0,0;0,0;0,0;0;0;0
204;3886;88393;0,0;0,0;0,0;0;0;0
204;3887;88414;0,0;0,0;0,0;0;0;0
204;3888;88435;0,0;0,0;0,0;0;0;0
204;3889;88456;0,0;0,0;0,0;0;0;0
204;3890;88477;0,0;0,0;0,0;0;0;0
204;3891;88515;0,0;0,0;0,0;0;0;0
204;3892;88536;0,0;0,0;0,0;0;0;0
204;3893;88557;0,0;0,0;0,0;0;0;0
204;3894;88578;0,0;0,0;0,0;0;0;0
204;3895;88599;0,0;0,0;0,0;0;0;0
204;3896;88620;0,0;0,0;0,0;0;0;0
204;3897;88653;0,0;0,0;0,0;0;0;0
204;3898;88674;0,0;0,0;0,0;0;0;0
204;3899;88695;0,0;0,0;0,0;0;0;0
204;3900;88716;0,0;0,0;0,0;0;0;0
204;3901;88737;0,0;0,0;0,0;0;0;0
204;3902;88775;0,0;0,0;0,0;0;0;0
204;3903;88796;0,0;0,0;0,0;0;0;0
204;3904;88817;0,0;0,0;0,0;0;0;0
204;3905;88838;0,0;0,0;0,0;0;0;0
204;3906;88859;0,0;0,0;0,0;0;0;0
204;3907;88897;0,0;0,0;0,0;0;0;0
204;3908;88918;0,0;0,0;0,0;0;0;0
204;3909;88939;0,0;0,0;0,0;0;0;0
204;3910;88960;0,0;0,0;0,0;0;0;0
204;3911;88981;0,0;0,0;0,0;0;0;0
204;3912;89002;0,0;0,0;0,0;0;0;0
204;3913;89035;0,0;0,0;0,0;0;0;0
204;3914;89056;0,0;0,0;0,0;0;0;0
204;3915;89077;0,0;0,0;0,0;0;0;0
204;3916;89098;0,0;0,0;0,0;0;0;0
204;3917;89119;0,0;0,0;0,0;0;0;0
204;3918;89156;0,0;0,0;0,0;0;0;0
204;3919;89176;0,0;0,0;0,0;0;0;0
204;3920;89196;0,0;0,0;0,0;0;0;0
204;3921;89216;0,0;0,0;0,0;0;0;0
204;3922;89236;0,0;0,0;0,0;0;0;0
204;3923;89272;0,0;0,0;0,0;0;0;0
204;3924;89292;0,0;0,0;0,0;0;0;0
204;3925;89312;0,0;0,0;0,0;0;0;0
204;3926;89332;0,0;0,0;0,0;0;0;0
204;3927;89352;0,0;0,0;0,0;0;0;0
204;3928;89372;0,0;0,0;0,0;0;0;0
204;3929;89405;0,0;0,0;0,0;0;0;0
204;3930;89426;0,0;0,0;0,0;0;0;0
204;3931;89447;0,0;0,0;0,0;0;0;0
204;3932;89468;0,0;0,0;0,0;0;0;0
204;3933;89489;0,0;0,0;0,0;0;0;0
204;3934;89527;0,0;0,0;0,0;0;0;0
204;3935;89548;0,0;0,0;0,0;0;0;0
204;3936;89569;0,0;0,0;0,0;0;0;0
204;3937;89590;0,0;0,0;0,0;0;0;0
204;3938;89611;0,0;0,0;0,0;0;0;0
204;3939;89649;0,0;0,0;0,0;0;0;0
204;3940;89670;0,0;0,0;0,0;0;0;0
204;3941;89691;0,0;0,0;0,0;0;0;0
204;3942;89712;0,0;0,0;0,0;0;0;0
204;3943;89733;0,0;0,0;0,0;0;0;0
204;3944;89754;0,0;0,0;0,0;0;0;0
204;3945;89787;0,0;0,0;0,0;0;0;0
204;3946;89808;0,0;0,0;0,0;0;0;0
204;3947;89829;0,0;0,0;0,0;0;0;0
204;3948;89850;0,0;0,0;0,0;0;0;0
204;3949;89871;0,0;0,0;0,0;0;0;0
204;3950;89909;0,0;0,0;0,0;0;0;0
204;3951;89930;0,0;0,0;0,0;0;0;0
204;3952;89951;0,0;0,0;0,0;0;0;0
204;3953;89972;0,0;0,0;0,0;0;0;0
204;3954;89993;0,0;0,0;0,0;0;0;0
204;3955;90031;0,0;0,0;0,0;0;0;0
204;3956;90052;0,0;0,0;0,0;0;0;0
204;3957;90073;0,0;0,0;0,0;0;0;0
204;3958;90094;0,0;0,0;0,0;0;0;0
204;3959;90115;0,0;0,0;0,0;0;0;0
204;3960;90136;0,0;0,0;0,0;0;0;0
204;3961;90168;0,0;0,0;0,0;0;0;0
204;3962;90188;0,0;0,0;0,0;0;0;0
204;3963;90208;0,0;0,0;0,0;0;0;0
204;3964;90228;0,0;0,0;0,0;0;0;0
204;3965;90248;0,0;0,0;0,0;0;0;0
204;3966;90285;0,0;0,0;0,0;0;0;0
204;3967;90305;0,0;0,0;0,0;0;0;0
204;3968;90325;0,0;0,0;0,0;0;0;0
204;3969;90345;0,0;0,0;0,0;0;0;0
204;3970;90366;0,0;0,0;0,0;0;0;0
204;3971;90403;0,0;0,0;0,0;0;0;0
204;3972;90424;0,0;0,0;0,0;0;0;0
204;3973;90445;0,0;0,0;0,0;0;0;0
204;3974;90466;0,0;0,0;0,0;0;0;0
204;3975;90487;0,0;0,0;0,0;0;0;0
204;3976;90508;0,0;0,0;0,0;0;0;0
204;3977;90541;0,0;0,0;0,0;0;0;0
204;3978;90562;0,0;0,0;0,0;0;0;0
204;3979;90583;0,0;0,0;0,0;0;0;0
204;3980;90604;0,0;0,0;0,0;0;0;0
204;3981;90626;0,0;0,0;0,0;0;0;0
204;3982;90664;0,0;0,0;0,0;0;0;0
204;3983;90685;0,0;0,0;0,0;0;0;0
204;3984;90706;0,0;0,0;0,0;0;0;0
204;3985;90727;0,0;0,0;0,0;0;0;0
204;3986;90748;0,0;0,0;0,0;0;0;0
204;3987;90786;0,0;0,0;0,0;0;0;0
204;3988;90807;0,0;0,0;0,0;0;0;0
204;3989;90828;0,0;0,0;0,0;0;0;0
204;3990;90849;0,0;0,0;0,0;0;0;0
204;3991;90870;0,0;0,0;0,0;0;0;0
204;3992;90891;0,0;0,0;0,0;0;0;0
204;3993;90924;0,0;0,0;0,0;0;0;0
204;3994;90945;0,0;0,0;0,0;0;0;0
204;3995;90966;0,0;0,0;0,0;0;0;0
204;3996;90987;0,0;0,0;0,0;0;0;0
204;3997;91008;0,0;0,0;0,0;0;0;0
204;3998;91046;0,0;0,0;0,0;0;0;0
204;3999;91067;0,0;0,0;0,0;0;0;0
204;4000;91088;0,0;0,0;0,0;0;0;0
204;4001;91109;0,0;0,0;0,0;0;0;0
204;4002;91130;0,0;0,0;0,0;0;0;0
204;4003;91167;0,0;0,0;0,0;0;0;0
204;4004;91187;0,0;0,0;0,0;0;0;0
204;4005;91207;0,0;0,0;0,0;0;0;0
204;4006;91227;0,0;0,0;0,0;0;0;0
204;4007;91247;0,0;0,0;0,0;0;0;0
204;4008;91267;0,0;0,0;0,0;0;0;0
204;4009;91299;0,0;0,0;0,0;0;0;0
204;4010;91319;0,0;0,0;0,0;0;0;0
204;4011;91339;0,0;0,0;0,0;0;0;0
204;4012;91359;0,0;0,0;0,0;0;0;0
204;4013;91379;0,0;0,0;0,0;0;0;0
204;4014;91416;0,0;0,0;0,0;0;0;0
204;4015;91437;0,0;0,0;0,0;0;0;0
204;4016;91458;0,0;0,0;0,0;0;0;0
204;4017;91479;0,0;0,0;0,0;0;0;0
204;4018;91500;0,0;0,0;0,0;0;0;0
204;4019;91538;0,0;0,0;0,0;0;0;0
204;4020;91559;0,0;0,0;0,0;0;0;0
204;4021;91580;0,0;0,0;0,0;0;0;0
204;4022;91601;0,0;0,0;0,0;0;0;0
204;4023;91622;0,0;0,0;0,0;0;0;0
204;4024;91643;0,0;0,0;0,0;0;0;0
204;4025;91676;0,0;0,0;0,0;0;0;0
204;4026;91697;0,0;0,0;0,0;0;0;0
204;4027;91718;0,0;0,0;0,0;0;0;0
204;4028;91739;0,0;0,0;0,0;0;0;0
204;4029;91760;0,0;0,0;0,0;0;0;0
204;4030;91798;0,0;0,0;0,0;0;0;0
204;4031;91819;0,0;0,0;0,0;0;0;0
204;4032;91840;0,0;0,0;0,0;0;0;0
204;4033;91861;0,0;0,0;0,0;0;0;0
204;4034;91882;0,0;0,0;0,0;0;0;0
204;4035;91920;0,0;0,0;0,0;0;0;0
204;4036;91941;0,0;0,0;0,0;0;0;0
204;4037;91962;0,0;0,0;0,0;0;0;0
204;4038;91983;0,0;0,0;0,0;0;0;0
204;4039;92004;0,0;0,0;0,0;0;0;0
204;4040;92025;0,0;0,0;0,0;0;0;0
204;4041;92058;0,0;0,0;0,0;0;0;0
204;4042;92079;0,0;0,0;0,0;0;0;0
204;4043;92100;0,0;0,0;0,0;0;0;0
204;4044;92121;0,0;0,0;0,0;0;0;0
204;4045;92142;0,0;0,0;0,0;0;0;0
204;4046;92179;0,0;0,0;0,0;0;0;0
204;4047;92199;0,0;0,0;0,0;0;0;0
204;4048;92219;0,0;0,0;0,0;0;0;0
204;4049;92240;0,0;0,0;0,0;0;0;0
204;4050;92260;0,0;0,0;0,0;0;0;0
204;4051;92296;0,0;0,0;0,0;0;0;0
204;4052;92316;0,0;0,0;0,0;0;0;0
204;4053;92336;0,0;0,0;0,0;0;0;0
204;4054;92356;0,0;0,0;0,0;0;0;0
204;4055;92376;0,0;0,0;0,0;0;0;0
204;4056;92396;0,0;0,0;0,0;0;0;0
204;4057;92429;0,0;0,0;0,0;0;0;0
204;4058;92450;0,0;0,0;0,0;0;0;0
204;4059;92471;0,0;0,0;0,0;0;0;0
204;4060;92492;0,0;0,0;0,0;0;0;0
204;4061;92513;0,0;0,0;0,0;0;0;0
204;4062;92551;0,0;0,0;0,0;0;0;0
204;4063;92572;0,0;0,0;0,0;0;0;0
204;4064;92593;0,0;0,0;0,0;0;0;0
204;4065;92614;0,0;0,0;0,0;0;0;0
204;4066;92635;0,0;0,0;0,0;0;0;0
204;4067;92673;0,0;0,0;0,0;0;0;0
204;4068;92694;0,0;0,0;0,0;0;0;0
204;4069;92715;0,0;0,0;0,0;0;0;0
204;4070;92736;0,0;0,0;0,0;0;0;0
204;4071;92757;0,0;0,0;0,0;0;0;0
204;4072;92778;0,0;0,0;0,0;0;0;0
204;4073;92811;0,0;0,0;0,0;0;0;0
204;4074;92832;0,0;0,0;0,0;0;0;0
204;4075;92853;0,0;0,0;0,0;0;0;0
204;4076;92874;0,0;0,0;0,0;0;0;0
204;4077;92895;0,0;0,0;0,0;0;0;0
204;4078;92933;0,0;0,0;0,0;0;0;0
204;4079;92954;0,0;0,0;0,0;0;0;0
204;4080;92975;0,0;0,0;0,0;0;0;0
204;4081;92996;0,0;0,0;0,0;0;0;0
204;4082;93017;0,0;0,0;0,0;0;0;0
204;4083;93055;0,0;0,0;0,0;0;0;0
204;4084;93076;0,0;0,0;0,0;0;0;0
204;4085;93097;0,0;0,0;0,0;0;0;0
204;4086;93118;0,0;0,0;0,0;0;0;0
204;4087;93139;0,0;0,0;0,0;0;0;0
204;4088;93160;0,0;0,0;0,0;0;0;0
204;4089;93192;0,0;0,0;0,0;0;0;0
204;4090;93212;0,0;0,0;0,0;0;0;0
204;4091;93232;0,0;0,0;0,0;0;0;0
204;4092;93252;0,0;0,0;0,0;0;0;0
204;4093;93272;0,0;0,0;0,0;0;0;0
204;4094;93309;0,0;0,0;0,0;0;0;0
204;4095;93329;0,0;0,0;0,0;0;0;0
204;4096;93349;0,0;0,0;0,0;0;0;0
204;4097;93369;0,0;0,0;0,0;0;0;0
204;4098;93390;0,0;0,0;0,0;0;0;0
204;4099;93428;0,0;0,0;0,0;0;0;0
204;4100;93449;0,0;0,0;0,0;0;0;0
204;4101;93470;0,0;0,0;0,0;0;0;0
204;4102;93491;0,0;0,0;0,0;0;0;0
204;4103;93512;0,0;0,0;0,0;0;0;0
204;4104;93533;0,0;0,0;0,0;0;0;0
204;4105;93566;0,0;0,0;0,0;0;0;0
204;4106;93587;0,0;0,0;0,0;0;0;0
204;4107;93608;0,0;0,0;0,0;0;0;0
204;4108;93629;0,0;0,0;0,0;0;0;0
204;4109;93650;0,0;0,0;0,0;0;0;0
204;4110;93688;0,0;0,0;0,0;0;0;0
204;4111;93709;0,0;0,0;0,0;0;0;0
204;4112;93730;0,0;0,0;0,0;0;0;0
204;4113;93751;0,0;0,0;0,0;0;0;0
204;4114;93772;0,0;0,0;0,0;0;0;0
204;4115;93810;0,0;0,0;0,0;0;0;0
204;4116;93831;0,0;0,0;0,0;0;0;0
204;4117;93852;0,0;0,0;0,0;0;0;0
204;4118;93873;0,0;0,0;0,0;0;0;0
204;4119;93894;0,0;0,0;0,0;0;0;0
204;4120;93915;0,0;0,0;0,0;0;0;0
204;4121;93948;0,0;0,0;0,0;0;0;0
204;4122;93969;0,0;0,0;0,0;0;0;0
204;4123;93990;0,0;0,0;0,0;0;0;0
204;2037;44546;0,0;0,0;0,0;0;0;0
204;2038;44567;0,0;0,0;0,0;0;0;0
204;2039;44594;0,0;0,0;0,0;0;0;0
204;2040;44615;0,0;0,0;0,0;0;0;0
204;2041;44636;0,0;0,0;0,0;0;0;0
204;2042;44657;0,0;0,0;0,0;0;0;0
204;2043;44678;0,0;0,0;0,0;0;0;0
204;2044;44704;0,0;0,0;0,0;0;0;0
204;2045;44724;0,0;0,0;0,0;0;0;0
204;2046;44744;0,0;0,0;0,0;0;0;0
204;2047;44764;0,0;0,0;0,0;0;0;0
204;2048;44784;0,0;0,0;0,0;0;0;0
204;2049;44804;0,0;0,0;0,0;0;0;0
204;2050;44865;0,0;0,0;0,0;0;0;0
204;2051;44896;0,0;0,0;0,0;0;0;0
204;2052;44917;0,0;0,0;0,0;0;0;0
204;2053;44937;0,0;0,0;0,0;0;0;0
204;2054;44957;0,0;0,0;0,0;0;0;0
204;2055;44983;0,0;0,0;0,0;0;0;0
204;2056;45004;0,0;0,0;0,0;0;0;0
204;2057;45025;0,0;0,0;0,0;0;0;0
204;2058;45046;0,0;0,0;0,0;0;0;0
204;2059;45067;0,0;0,0;0,0;0;0;0
204;2060;45094;0,0;0,0;0,0;0;0;0
204;2061;45115;0,0;0,0;0,0;0;0;0
204;2062;45136;0,0;0,0;0,0;0;0;0
204;2063;45157;0,0;0,0;0,0;0;0;0
204;2064;45178;0,0;0,0;0,0;0;0;0
204;2065;45199;0,0;0,0;0,0;0;0;0
204;2066;45220;0,0;0,0;0,0;0;0;0
204;2067;45241;0,0;0,0;0,0;0;0;0
204;2068;45262;0,0;0,0;0,0;0;0;0
204;2069;45283;0,0;0,0;0,0;0;0;0
204;2070;45304;0,0;0,0;0,0;0;0;0
204;2071;45331;0,0;0,0;0,0;0;0;0
204;2072;45352;0,0;0,0;0,0;0;0;0
204;2073;45373;0,0;0,0;0,0;0;0;0
204;2074;45394;0,0;0,0;0,0;0;0;0
204;2075;45415;0,0;0,0;0,0;0;0;0
204;2076;45442;0,0;0,0;0,0;0;0;0
204;2077;45463;0,0;0,0;0,0;0;0;0
204;2078;45484;0,0;0,0;0,0;0;0;0
204;2079;45505;0,0;0,0;0,0;0;0;0
204;2080;45526;0,0;0,0;0,0;0;0;0
204;2081;45547;0,0;0,0;0,0;0;0;0
204;2082;45568;0,0;0,0;0,0;0;0;0
204;2083;45589;0,0;0,0;0,0;0;0;0
204;2084;45610;0,0;0,0;0,0;0;0;0
204;2085;45631;0,0;0,0;0,0;0;0;0
