"Flug";"Number";"Team ID";"Time_ms";"Gyro x";"Gyro y";"Gyro z";"Accel x";"Accel y";"Accel z";"Mag x";"Mag y";"Mag z";"Bme_press";"Bme_temp";"Bme_humidity";"Bme_height";"Lat";"Lon";"Height";"Fix";"Photo";"Status";"crc"
170;1;217;963;19;-104;-97;19;-426;2008;-480;404;-1207;99981;2310;6165;0;0,0;0,0;0,0;0;1147;0;24375

170;2;217;1651;23;-93;-117;16;-419;2002;-480;397;-1206;99980;2310;6166;0;0,0;0,0;0,0;0;1147;0;10899

170;3;217;1859;22;-104;-107;18;-421;2005;-483;403;-1195;99980;2310;6166;0;0,0;0,0;0,0;0;1155;0;64575

170;4;217;2029;27;-105;-97;12;-420;1994;-484;406;-1199;99980;2310;6166;0;0,0;0,0;0,0;0;1153;0;18985

170;5;217;2227;26;-82;-102;21;-429;2005;-484;406;-1202;99981;2310;6167;0;0,0;0,0;0,0;0;1158;0;1208

170;6;217;2397;23;-108;-103;11;-423;1993;-482;401;-1198;99981;2310;6167;0;0,0;0,0;0,0;0;1170;0;31192

170;7;217;2580;27;-77;-115;8;-429;2009;-489;405;-1199;99981;2310;6167;0;0,0;0,0;0,0;0;1172;0;8238

170;8;217;2779;17;-96;-104;16;-424;1992;-486;415;-1192;99979;2310;6167;0;0,0;0,0;0,0;0;1147;0;39818

170;9;217;2949;23;-79;-84;8;-430;2011;-486;403;-1189;99979;2310;6167;0;0,0;0,0;0,0;0;1155;0;4117

170;10;217;3119;24;-102;-94;14;-426;2008;-484;410;-1183;99979;2310;6167;0;0,0;0,0;0,0;0;1165;0;4124

170;11;217;3289;24;-98;-77;6;-425;2010;-485;414;-1211;99978;2309;6168;0;0,0;0,0;0,0;0;1178;0;7232

170;12;217;3498;26;-108;-87;11;-424;1995;-496;404;-1189;99978;2309;6168;0;0,0;0,0;0,0;0;1172;0;27078

170;13;217;3668;29;-90;-107;15;-430;2016;-487;403;-1191;99978;2309;6168;0;0,0;0,0;0,0;0;1157;0;2084

170;14;217;3839;24;-91;-96;13;-429;2006;-486;412;-1192;99979;2309;6170;0;0,0;0,0;0,0;0;1165;0;36054

170;15;217;4037;26;-87;-74;11;-425;2001;-492;410;-1201;99979;2309;6170;0;0,0;0,0;0,0;0;1157;0;43241

170;16;217;4217;24;-111;-86;0;-424;2004;-496;416;-1182;99979;2309;6170;0;0,0;0,0;0,0;0;1153;0;3578

170;17;217;4387;21;-97;-104;14;-427;2009;-497;417;-1193;99979;2309;6170;0;0,0;0,0;0,0;0;1150;0;45167

170;18;217;4585;29;-90;-139;6;-424;2012;-496;410;-1202;99979;2309;6170;0;0,0;0,0;0,0;0;1172;0;53549

170;19;217;4755;21;-90;-72;7;-425;1989;-491;411;-1195;99980;2309;6171;0;0,0;0,0;0,0;0;1150;0;49530

170;20;217;4925;25;-104;-87;9;-429;1999;-495;414;-1200;99980;2309;6171;0;0,0;0,0;0,0;0;1172;0;48796

170;21;217;5106;21;-96;-80;19;-423;2014;-497;410;-1191;99980;2309;6171;0;0,0;0,0;0,0;0;1175;0;578

170;22;217;5304;25;-99;-111;13;-421;2004;-489;413;-1192;99977;2308;6171;0;0,0;0,0;0,0;0;1178;0;53051

170;23;217;5474;22;-97;-106;20;-425;2012;-498;405;-1193;99977;2308;6171;0;0,0;0,0;0,0;0;1150;0;34640

170;24;217;5644;22;-88;-123;11;-437;2021;-504;420;-1186;99977;2308;6171;0;0,0;0,0;0,0;0;1160;0;58053

170;25;217;5853;26;-85;-138;7;-425;1999;-502;415;-1213;99978;2308;6172;0;0,0;0,0;0,0;0;1172;0;11105

170;26;217;6023;25;-92;-108;12;-428;2007;-503;412;-1186;99978;2308;6172;0;0,0;0,0;0,0;0;1157;0;8382

170;27;217;6193;23;-97;-107;5;-423;2011;-495;422;-1194;99978;2308;6172;0;0,0;0,0;0,0;0;1160;0;27410

170;28;217;6363;15;-90;-81;0;-421;2000;-497;424;-1195;99978;2308;6172;0;0,0;0,0;0,0;0;1165;0;34714

170;29;217;6561;22;-96;-137;15;-432;2009;-508;420;-1197;99978;2308;6172;0;0,0;0,0;0,0;0;1147;0;45125

170;30;217;6742;25;-106;-109;9;-424;1999;-496;406;-1202;99978;2308;6172;0;0,0;0,0;0,0;0;1149;0;22626

170;31;217;6912;25;-76;-104;14;-422;2007;-493;416;-1194;99979;2308;6177;0;0,0;0,0;0,0;0;1147;0;49803

170;32;217;7110;17;-84;-117;8;-428;2005;-491;424;-1211;99979;2308;6177;0;0,0;0,0;0,0;0;1169;0;62898

170;33;217;7280;21;-106;-95;13;-436;2010;-491;424;-1209;99980;2308;6173;0;0,0;0,0;0,0;0;1157;0;31041

170;34;217;7460;23;-94;-96;17;-427;2011;-499;428;-1212;99980;2308;6173;0;0,0;0,0;0,0;0;1162;0;9122

170;35;217;7660;30;-92;-103;6;-422;1994;-491;426;-1191;99980;2308;6173;0;0,0;0,0;0,0;0;1160;0;63212

170;36;217;7830;24;-90;-131;13;-426;2007;-496;405;-1203;99980;2308;6174;0;0,0;0,0;0,0;0;1147;0;24962

170;37;217;8000;26;-86;-102;16;-419;2008;-488;410;-1201;99980;2308;6174;0;0,0;0,0;0,0;0;1157;0;31605

170;38;217;8170;19;-113;-83;5;-423;2014;-495;414;-1207;99980;2308;6174;0;0,0;0,0;0,0;0;1178;0;35905

170;39;217;8379;27;-98;-71;0;-423;2000;-489;413;-1189;99980;2308;6174;0;0,0;0,0;0,0;0;1162;0;51137

170;40;217;8549;22;-97;-54;13;-423;1996;-501;402;-1185;99980;2308;6174;0;0,0;0,0;0,0;0;1169;0;60117

170;41;217;8719;19;-93;-105;7;-426;2002;-502;412;-1195;99980;2308;6174;0;0,0;0,0;0,0;0;1159;0;14732

170;42;217;8928;22;-86;-73;9;-422;1998;-494;415;-1184;99980;2308;6175;0;0,0;0,0;0,0;0;1176;0;5697

170;43;217;9098;29;-87;-90;11;-437;2004;-490;419;-1206;99980;2308;6175;0;0,0;0,0;0,0;0;1150;0;872

170;44;217;9268;27;-99;-139;15;-425;2011;-500;413;-1198;99980;2308;6175;0;0,0;0,0;0,0;0;1166;0;33779

170;45;217;9438;19;-94;-113;14;-423;1990;-496;409;-1213;99979;2307;6175;0;0,0;0,0;0,0;0;1166;0;44901

170;46;217;9637;19;-92;-46;11;-424;1996;-489;414;-1200;99979;2307;6175;0;0,0;0,0;0,0;0;1150;0;19023

170;47;217;9817;27;-92;-111;2;-425;2009;-493;412;-1204;99979;2307;6175;0;0,0;0,0;0,0;0;1166;0;38936

170;48;217;9987;23;-102;-113;18;-416;2006;-497;399;-1199;99979;2307;6174;0;0,0;0,0;0,0;0;1147;0;11572

170;49;217;10186;22;-99;-65;19;-426;2008;-490;417;-1195;99979;2307;6174;0;0,0;0,0;0,0;0;1159;0;63910

170;50;217;10356;24;-99;-110;-5;-417;2005;-489;415;-1213;99980;2308;6177;0;0,0;0,0;0,0;0;1157;0;63226

170;51;217;10536;23;-106;-106;7;-429;2003;-493;413;-1202;99980;2308;6177;0;0,0;0,0;0,0;0;1177;0;58538

170;52;217;10735;26;-96;-123;11;-429;2008;-498;409;-1198;99980;2308;6177;0;0,0;0,0;0,0;0;1157;0;16803

170;53;217;10905;22;-90;-83;19;-423;2002;-492;411;-1213;99981;2308;6178;0;0,0;0,0;0,0;0;1147;0;56642

170;54;217;11075;26;-84;-130;16;-423;2008;-485;414;-1187;99981;2308;6178;0;0,0;0,0;0,0;0;1147;0;43882

170;55;217;11245;18;-80;-85;22;-427;2010;-497;414;-1196;99981;2308;6178;0;0,0;0,0;0,0;0;1157;0;20053

170;56;217;11454;24;-109;-111;14;-436;2011;-497;419;-1196;99981;2308;6178;0;0,0;0,0;0,0;0;1166;0;7280

170;57;217;11624;21;-101;-99;16;-423;2003;-493;409;-1205;99981;2308;6178;0;0,0;0,0;0,0;0;1167;0;27666

170;58;217;11794;22;-91;-119;14;-421;2010;-485;406;-1211;99981;2308;6178;0;0,0;0,0;0,0;0;1157;0;43781

170;59;217;11993;15;-100;-95;9;-420;1998;-494;410;-1209;99980;2308;6178;0;0,0;0,0;0,0;0;1147;0;10299

170;60;217;12173;24;-103;-101;21;-429;2010;-499;409;-1213;99980;2308;6178;0;0,0;0,0;0,0;0;1162;0;39457

170;61;217;12343;23;-88;-91;7;-441;2006;-488;410;-1202;99980;2308;6178;0;0,0;0,0;0,0;0;1141;0;22189

170;62;217;12513;26;-107;-97;13;-431;2007;-493;414;-1187;99980;2307;6178;0;0,0;0,0;0,0;0;1172;0;37875

170;63;217;12712;21;-97;-91;4;-423;2013;-504;411;-1200;99980;2307;6178;0;0,0;0,0;0,0;0;1147;0;34165

170;64;217;12882;22;-90;-106;16;-421;2004;-488;416;-1195;99980;2307;6178;0;0,0;0,0;0,0;0;1162;0;54384

170;65;217;13062;26;-101;-86;-2;-424;2000;-492;408;-1199;99979;2307;6175;0;0,0;0,0;0,0;0;1158;0;27019

170;66;217;13261;24;-103;-98;8;-427;2013;-495;405;-1194;99979;2307;6175;0;0,0;0,0;0,0;0;1161;0;50818

170;67;217;13431;22;-96;-118;14;-431;2009;-496;403;-1204;99980;2308;6178;0;0,0;0,0;0,0;0;1164;0;25159

170;68;217;13601;20;-100;-110;9;-423;1995;-494;410;-1191;99980;2308;6178;0;0,0;0,0;0,0;0;1141;0;5908

170;69;217;13810;24;-99;-98;9;-426;2016;-501;412;-1189;99980;2308;6178;0;0,0;0,0;0,0;0;1147;0;83

170;70;217;13980;27;-89;-84;13;-426;2005;-487;411;-1192;99979;2307;6178;0;0,0;0,0;0,0;0;1147;0;61147

170;71;217;14150;27;-90;-113;5;-427;2015;-494;407;-1203;99979;2307;6178;0;0,0;0,0;0,0;0;1157;0;39632

170;72;217;14320;24;-88;-99;8;-425;1992;-496;412;-1196;99979;2307;6178;0;0,0;0,0;0,0;0;1182;0;58043

170;73;217;14519;24;-101;-107;12;-423;2007;-494;402;-1178;99979;2307;6178;0;0,0;0,0;0,0;0;1162;0;20317

170;74;217;14699;22;-84;-83;14;-421;2009;-496;414;-1191;99979;2307;6178;0;0,0;0,0;0,0;0;1153;0;37620

170;75;217;14869;20;-99;-104;11;-423;1997;-488;413;-1192;99979;2307;6178;0;0,0;0,0;0,0;0;1147;0;7077

170;76;217;15067;25;-85;-109;7;-441;2005;-498;413;-1188;99978;2307;6178;0;0,0;0,0;0,0;0;1162;0;46439

170;77;217;15237;27;-82;-106;24;-434;2018;-480;407;-1200;99978;2307;6178;0;0,0;0,0;0,0;0;1159;0;5961

170;78;217;15417;25;-103;-131;20;-426;2009;-495;407;-1180;99978;2307;6178;0;0,0;0,0;0,0;0;1178;0;25803

170;79;217;15615;26;-85;-97;21;-431;2009;-495;402;-1200;99978;2307;6179;0;0,0;0,0;0,0;0;1178;0;9173

170;80;217;15786;26;-103;-89;12;-424;2009;-489;419;-1197;99978;2307;6179;0;0,0;0,0;0,0;0;1150;0;54912

170;81;217;15956;24;-99;-86;21;-431;2011;-500;410;-1190;99978;2307;6179;0;0,0;0,0;0,0;0;1162;0;48183

170;82;217;16126;22;-99;-104;1;-422;2003;-496;399;-1192;99981;2307;6177;0;0,0;0,0;0,0;0;1160;0;2085

170;83;217;16336;26;-96;-104;13;-425;2008;-487;404;-1186;99981;2307;6177;0;0,0;0,0;0,0;0;1178;0;42236

170;84;217;16506;19;-94;-106;9;-423;1995;-500;408;-1192;99981;2307;6179;0;0,0;0,0;0,0;0;1147;0;11203

170;85;217;16676;26;-89;-84;6;-425;2003;-482;408;-1181;99981;2307;6179;0;0,0;0,0;0,0;0;1147;0;58807

170;86;217;16874;25;-99;-108;22;-429;2015;-486;412;-1207;99981;2307;6179;0;0,0;0,0;0,0;0;1150;0;30258

170;87;217;17055;22;-91;-84;17;-421;2008;-487;402;-1198;99983;2308;6179;0;0,0;0,0;0,0;0;1147;0;33126

170;88;217;17225;17;-88;-112;9;-420;1994;-479;410;-1203;99983;2308;6179;0;0,0;0,0;0,0;0;1141;0;18056

170;89;217;17395;22;-92;-121;10;-421;1992;-489;406;-1204;99983;2308;6179;0;0,0;0,0;0,0;0;1170;0;30010

170;90;217;17593;19;-91;-96;19;-432;2014;-491;412;-1192;99982;2308;6180;0;0,0;0,0;0,0;0;1182;0;5178

170;91;217;17764;25;-89;-106;10;-435;2007;-494;410;-1192;99982;2308;6180;0;0,0;0,0;0,0;0;1178;0;44845

170;92;217;17944;23;-86;-103;0;-424;2012;-477;411;-1185;99982;2308;6180;0;0,0;0,0;0,0;0;1155;0;56636

170;93;217;18142;23;-90;-69;-11;-427;2024;-488;417;-1203;99980;2308;6180;0;0,0;0,0;0,0;0;1160;0;41672

170;94;217;18314;27;-78;-99;16;-431;2010;-477;412;-1198;99980;2308;6180;0;0,0;0,0;0,0;0;1147;0;20176

170;95;217;18484;20;-96;-96;23;-426;2010;-475;412;-1203;99980;2308;6180;0;0,0;0,0;0,0;0;1162;0;59603

170;96;217;18693;25;-95;-132;4;-428;1992;-486;408;-1194;99981;2308;6179;0;0,0;0,0;0,0;0;1165;0;40800

170;97;217;18863;19;-99;-115;11;-422;2005;-494;408;-1191;99981;2308;6179;0;0,0;0,0;0,0;0;1172;0;60394

170;98;217;19033;20;-96;-133;15;-422;2008;-484;411;-1199;99981;2308;6179;0;0,0;0,0;0,0;0;1178;0;47412

170;99;217;19203;25;-89;-121;4;-427;2009;-477;412;-1205;99980;2308;6180;0;0,0;0,0;0,0;0;1166;0;33645

170;100;217;19412;23;-94;-109;9;-421;1995;-483;402;-1192;99980;2308;6180;0;0,0;0,0;0,0;0;1166;0;17421

170;101;217;19582;28;-96;-87;-6;-414;2011;-482;426;-1199;99979;2308;6180;0;0,0;0,0;0,0;0;1157;0;772

170;102;217;19753;23;-93;-98;18;-427;2009;-474;410;-1194;99979;2308;6180;0;0,0;0,0;0,0;0;1157;0;1970

170;103;217;19951;24;-101;-86;7;-428;2015;-482;410;-1197;99979;2308;6180;0;0,0;0,0;0,0;0;1163;0;2959

170;104;217;20121;17;-93;-86;14;-421;2009;-484;421;-1192;99979;2308;6178;0;0,0;0,0;0,0;0;1164;0;55208

170;105;217;20301;24;-103;-108;17;-420;2004;-488;412;-1184;99979;2308;6178;0;0,0;0,0;0,0;0;1185;0;57664

170;106;217;20471;28;-101;-87;5;-419;2000;-495;410;-1183;99979;2308;6178;0;0,0;0,0;0,0;0;1147;0;40729

170;107;217;20669;23;-93;-112;17;-430;2014;-483;410;-1178;99980;2309;6178;0;0,0;0,0;0,0;0;1160;0;32369

170;108;217;20839;24;-92;-76;14;-423;2004;-486;418;-1180;99980;2309;6178;0;0,0;0,0;0,0;0;1147;0;26279

170;109;217;21019;33;-90;-106;13;-421;2005;-486;411;-1188;99980;2309;6178;0;0,0;0,0;0,0;0;1178;0;19800

170;110;217;21218;22;-90;-107;10;-428;2006;-487;421;-1192;99980;2308;6178;0;0,0;0,0;0,0;0;1178;0;27985

170;111;217;21388;22;-98;-111;4;-426;2001;-494;418;-1195;99980;2308;6178;0;0,0;0,0;0,0;0;1165;0;51419

170;112;217;21558;24;-100;-117;7;-423;2012;-489;410;-1176;99980;2308;6178;0;0,0;0,0;0,0;0;1160;0;47738

170;113;217;21756;20;-93;-77;23;-425;2005;-497;412;-1196;99979;2308;6178;0;0,0;0,0;0,0;0;1158;0;52164

170;114;217;21936;24;-98;-59;-1;-423;2013;-487;417;-1198;99979;2308;6178;0;0,0;0,0;0,0;0;1178;0;32626

170;115;217;22107;21;-92;-96;5;-428;2013;-493;410;-1190;99979;2308;6178;0;0,0;0,0;0,0;0;1165;0;1372

170;116;217;22277;22;-86;-93;14;-426;2007;-484;414;-1185;99978;2309;6175;0;0,0;0,0;0,0;0;1185;0;12254

170;117;217;22475;25;-91;-97;2;-426;2001;-498;419;-1198;99978;2309;6175;0;0,0;0,0;0,0;0;1160;0;38118

170;118;217;22657;23;-105;-108;21;-429;2011;-486;420;-1172;99979;2309;6177;0;0,0;0,0;0,0;0;1166;0;4172

170;119;217;22827;24;-85;-99;11;-428;2008;-488;420;-1194;99979;2309;6177;0;0,0;0,0;0,0;0;1182;0;62476

170;120;217;23026;18;-75;-87;1;-429;2003;-479;419;-1184;99979;2309;6177;0;0,0;0,0;0,0;0;1178;0;64720

170;121;217;23196;21;-86;-76;12;-427;2006;-493;416;-1189;99979;2309;6177;0;0,0;0,0;0,0;0;1157;0;32719

170;122;217;23366;25;-98;-100;10;-423;1997;-492;420;-1187;99979;2309;6177;0;0,0;0,0;0,0;0;1178;0;58237

170;123;217;23547;17;-97;-98;18;-423;2006;-493;411;-1188;99979;2309;6177;0;0,0;0,0;0,0;0;1157;0;61159

170;124;217;23745;25;-94;-90;7;-426;2000;-497;411;-1193;99978;2308;6177;0;0,0;0,0;0,0;0;1153;0;47303

170;125;217;23915;22;-104;-87;3;-424;1998;-480;416;-1200;99978;2308;6177;0;0,0;0,0;0,0;0;1147;0;13648

170;126;217;24085;18;-82;-87;10;-432;2010;-496;413;-1179;99978;2308;6177;0;0,0;0,0;0,0;0;1172;0;54975

170;127;217;24294;16;-89;-72;15;-423;2004;-498;411;-1173;99977;2309;6177;0;0,0;0,0;0,0;0;1175;0;54613

170;128;217;24464;21;-101;-108;18;-425;2007;-483;404;-1187;99977;2309;6177;0;0,0;0,0;0,0;0;1147;0;7282

170;129;217;24634;23;-98;-119;15;-419;2011;-489;405;-1172;99977;2309;6177;0;0,0;0,0;0,0;0;1162;0;31697

170;130;217;24832;28;-93;-97;21;-421;2006;-497;412;-1197;99977;2309;6177;0;0,0;0,0;0,0;0;1147;0;47118

170;131;217;25002;21;-99;-79;15;-418;2007;-496;410;-1182;99977;2309;6177;0;0,0;0,0;0,0;0;1159;0;21057

170;132;217;25182;28;-83;-118;-3;-413;2009;-498;403;-1187;99977;2309;6177;0;0,0;0,0;0,0;0;1178;0;40856

170;133;217;25352;25;-89;-117;16;-428;2012;-499;407;-1197;99977;2309;6180;0;0,0;0,0;0,0;0;1153;0;60366

170;134;217;25550;20;-100;-89;11;-423;2008;-499;408;-1198;99977;2309;6180;0;0,0;0,0;0,0;0;1153;0;31295

170;135;217;25720;14;-94;-99;20;-427;2008;-490;409;-1195;99978;2310;6175;0;0,0;0,0;0,0;0;1178;0;65366

170;136;217;25900;25;-83;-112;9;-431;2019;-495;412;-1180;99978;2310;6175;0;0,0;0,0;0,0;0;1172;0;9657

170;137;217;26099;24;-87;-116;11;-425;2005;-495;407;-1181;99978;2310;6175;0;0,0;0,0;0,0;0;1147;0;38957

170;138;217;26269;18;-91;-122;8;-430;2005;-490;406;-1195;99979;2310;6175;0;0,0;0,0;0,0;0;1172;0;55803

170;139;217;26439;20;-102;-70;17;-426;2006;-488;411;-1180;99979;2310;6175;0;0,0;0,0;0,0;0;1157;0;51522

170;140;217;26609;19;-84;-140;16;-423;2006;-492;420;-1162;99979;2310;6175;0;0,0;0,0;0,0;0;1147;0;16217

170;141;217;26818;21;-98;-130;3;-424;2011;-505;412;-1193;99978;2310;6174;0;0,0;0,0;0,0;0;1172;0;12974

170;142;217;26988;25;-95;-101;14;-423;2009;-490;417;-1193;99978;2310;6174;0;0,0;0,0;0,0;0;1159;0;19330

170;143;217;27159;22;-95;-101;6;-423;2010;-496;414;-1181;99978;2310;6174;0;0,0;0,0;0,0;0;1141;0;4000

170;144;217;27357;19;-75;-93;6;-424;2013;-493;414;-1194;99979;2310;6174;0;0,0;0,0;0,0;0;1178;0;7977

170;145;217;27537;21;-104;-86;20;-424;2005;-498;417;-1180;99979;2310;6174;0;0,0;0,0;0,0;0;1162;0;5599

170;146;217;27707;14;-93;-114;8;-427;2010;-498;414;-1184;99979;2310;6174;0;0,0;0,0;0,0;0;1172;0;46099

170;147;217;27906;24;-113;-125;4;-421;2001;-496;416;-1188;99978;2310;6173;0;0,0;0,0;0,0;0;1141;0;63486

170;148;217;28076;20;-93;-79;17;-423;2005;-495;419;-1178;99978;2310;6173;0;0,0;0,0;0,0;0;1150;0;21021

170;149;217;28246;27;-97;-131;5;-436;1999;-498;416;-1182;99978;2310;6173;0;0,0;0,0;0,0;0;1147;0;43949

170;150;217;28427;15;-92;-120;20;-425;2010;-499;422;-1185;99978;2311;6171;0;0,0;0,0;0,0;0;1166;0;29850

170;151;217;28625;25;-87;-36;14;-423;2009;-496;419;-1201;99978;2311;6171;0;0,0;0,0;0,0;0;1150;0;57413

170;152;217;28795;20;-86;-116;18;-431;2011;-493;418;-1185;99977;2311;6171;0;0,0;0,0;0,0;0;1141;0;37446

170;153;217;28965;20;-102;-85;7;-428;1997;-494;418;-1194;99977;2311;6171;0;0,0;0,0;0,0;0;1147;0;32118

170;154;217;29174;24;-98;-98;16;-420;2010;-498;417;-1193;99977;2311;6171;0;0,0;0,0;0,0;0;1147;0;7382

170;155;217;29344;20;-97;-78;17;-439;1998;-487;423;-1199;99976;2311;6170;0;0,0;0,0;0,0;0;1172;0;11431

170;156;217;29514;21;-97;-106;14;-421;2007;-487;420;-1191;99976;2311;6170;0;0,0;0,0;0,0;0;1172;0;33726

170;157;217;29713;21;-95;-122;13;-425;2011;-498;424;-1196;99976;2311;6170;0;0,0;0,0;0,0;0;1149;0;26217

170;158;217;29883;17;-92;-99;19;-429;2009;-494;413;-1196;99978;2311;6169;0;0,0;0,0;0,0;0;1141;0;26175

170;159;217;30063;22;-97;-90;7;-423;2003;-506;415;-1186;99978;2311;6169;0;0,0;0,0;0,0;0;1159;0;47321

170;160;217;30233;22;-99;-94;17;-426;2008;-492;419;-1200;99978;2311;6169;0;0,0;0,0;0,0;0;1166;0;1249

170;161;217;30431;25;-93;-132;9;-425;2012;-496;418;-1200;99978;2311;6167;0;0,0;0,0;0,0;0;1159;0;53555

170;162;217;30601;25;-101;-67;16;-423;2003;-492;398;-1207;99978;2311;6167;0;0,0;0,0;0,0;0;1147;0;46556

170;163;217;30781;20;-75;-67;-1;-420;2008;-494;414;-1193;99978;2311;6167;0;0,0;0,0;0,0;0;1159;0;21098

170;164;217;30980;22;-99;-113;2;-420;2011;-492;414;-1187;99975;2311;6167;0;0,0;0,0;0,0;0;1172;0;15874

170;165;217;31150;28;-90;-72;9;-426;2008;-488;412;-1182;99975;2311;6167;0;0,0;0,0;0,0;0;1172;0;33713

170;166;217;31320;21;-85;-94;21;-431;2012;-499;419;-1188;99975;2311;6167;0;0,0;0,0;0,0;0;1147;0;41529

170;167;217;31500;22;-86;-88;17;-423;2004;-501;409;-1179;99977;2312;6165;0;0,0;0,0;0,0;0;1158;0;35598

170;168;217;31699;23;-102;-98;18;-423;2004;-503;417;-1192;99977;2312;6165;0;0,0;0,0;0,0;0;1178;0;12090

170;169;217;31869;21;-86;-82;17;-427;2013;-491;405;-1197;99975;2313;6164;0;0,0;0,0;0,0;0;1159;0;5083

170;170;217;32039;23;-92;-63;14;-428;2009;-492;403;-1186;99975;2313;6164;0;0,0;0,0;0,0;0;1178;0;56743

170;171;217;32238;21;-93;-111;4;-429;2004;-498;409;-1189;99975;2313;6164;0;0,0;0,0;0,0;0;1150;0;62063

170;172;217;32418;16;-96;-79;11;-437;2004;-506;416;-1198;99976;2313;6163;0;0,0;0,0;0,0;0;1154;0;14168

170;173;217;32588;24;-98;-104;10;-428;2002;-497;412;-1185;99976;2313;6163;0;0,0;0,0;0,0;0;1172;0;21141

170;174;217;32787;22;-99;-74;11;-424;2013;-503;409;-1178;99976;2313;6163;0;0,0;0,0;0,0;0;1159;0;21964

170;175;217;32957;20;-97;-86;13;-429;2008;-488;411;-1197;99977;2313;6163;0;0,0;0,0;0,0;0;1178;0;47521

170;176;217;33137;21;-88;-95;15;-429;2009;-497;411;-1187;99977;2313;6163;0;0,0;0,0;0,0;0;1150;0;40881

170;177;217;33307;27;-89;-96;16;-424;2004;-493;410;-1197;99977;2313;6163;0;0,0;0,0;0,0;0;1158;0;32537

170;178;217;33506;22;-93;-92;19;-425;2009;-497;404;-1197;99976;2313;6162;0;0,0;0,0;0,0;0;1141;0;47620

170;179;217;33676;23;-89;-93;7;-424;2012;-499;417;-1195;99976;2313;6162;0;0,0;0,0;0,0;0;1158;0;7837

170;180;217;33846;25;-106;-99;22;-429;2013;-495;414;-1179;99976;2313;6162;0;0,0;0,0;0,0;0;1141;0;57322

170;181;217;34055;23;-89;-128;3;-416;2000;-504;413;-1189;99974;2314;6162;0;0,0;0,0;0,0;0;1153;0;60020

170;182;217;34225;22;-105;-102;-3;-412;2007;-502;414;-1184;99974;2314;6162;0;0,0;0,0;0,0;0;1158;0;62231

170;183;217;34395;18;-83;-85;19;-424;2012;-497;414;-1200;99974;2314;6162;0;0,0;0,0;0,0;0;1170;0;15848

170;184;217;34565;20;-88;-132;9;-437;2003;-494;410;-1202;99975;2314;6164;0;0,0;0,0;0,0;0;1172;0;25214

170;185;217;34775;14;-98;-91;25;-431;2017;-500;419;-1182;99975;2314;6164;0;0,0;0,0;0,0;0;1141;0;44505

170;186;217;34945;22;-99;-116;15;-423;2009;-500;413;-1196;99975;2314;6162;0;0,0;0,0;0,0;0;1150;0;64043

170;187;217;35115;17;-92;-80;20;-415;2007;-496;412;-1204;99975;2314;6162;0;0,0;0,0;0,0;0;1141;0;16161

170;188;217;35313;20;-91;-102;8;-424;2012;-494;416;-1205;99975;2314;6162;0;0,0;0,0;0,0;0;1153;0;35505

170;189;217;35483;23;-93;-123;10;-426;2010;-509;414;-1185;99975;2315;6161;0;0,0;0,0;0,0;0;1150;0;30405

170;190;217;35663;26;-83;-72;6;-430;2008;-501;407;-1189;99975;2315;6161;0;0,0;0,0;0,0;0;1141;0;60405

170;191;217;35861;24;-93;-144;12;-423;2009;-492;416;-1195;99975;2315;6161;0;0,0;0,0;0,0;0;1141;0;47429

170;192;217;36032;22;-78;-97;25;-431;2011;-494;408;-1189;99976;2315;6160;0;0,0;0,0;0,0;0;1153;0;15439

170;193;217;36202;26;-91;-73;5;-427;2002;-487;408;-1193;99976;2315;6160;0;0,0;0,0;0,0;0;1165;0;25483

170;194;217;36382;22;-93;-104;11;-424;2010;-487;409;-1186;99976;2315;6160;0;0,0;0,0;0,0;0;1166;0;51667

170;195;217;36582;17;-91;-111;5;-432;2002;-491;419;-1203;99973;2315;6160;0;0,0;0,0;0,0;0;1155;0;21856

170;196;217;36752;22;-99;-107;0;-424;1999;-493;407;-1205;99973;2315;6160;0;0,0;0,0;0,0;0;1153;0;25034

170;197;217;36922;27;-95;-102;6;-421;2011;-495;404;-1205;99973;2315;6160;0;0,0;0,0;0,0;0;1159;0;4949

170;198;217;37120;22;-82;-51;19;-431;2010;-486;412;-1191;99973;2314;6159;0;0,0;0,0;0,0;0;1159;0;48334

170;199;217;37300;18;-87;-105;17;-434;2009;-500;412;-1181;99973;2314;6159;0;0,0;0,0;0,0;0;1151;0;37506

170;200;217;37470;21;-93;-83;13;-424;2011;-482;416;-1184;99973;2314;6159;0;0,0;0,0;0,0;0;1141;0;48492

170;201;217;37640;17;-92;-107;14;-428;2010;-487;416;-1189;99974;2315;6155;0;0,0;0,0;0,0;0;1153;0;4538

170;202;217;37839;22;-110;-81;15;-418;2009;-492;411;-1192;99974;2315;6155;0;0,0;0,0;0,0;0;1141;0;9237

170;203;217;38019;24;-96;-107;17;-428;2008;-495;411;-1187;99975;2315;6158;0;0,0;0,0;0,0;0;1150;0;34910

170;204;217;38189;20;-99;-117;5;-425;1997;-499;404;-1185;99975;2315;6158;0;0,0;0,0;0,0;0;1172;0;26196

170;205;217;38387;19;-91;-63;12;-423;2007;-496;415;-1191;99975;2315;6158;0;0,0;0,0;0,0;0;1141;0;4767

170;206;217;38558;24;-102;-120;4;-425;2007;-485;412;-1176;99975;2315;6159;0;0,0;0,0;0,0;0;1172;0;12528

170;207;217;38728;26;-105;-84;19;-423;2007;-479;422;-1187;99975;2315;6159;0;0,0;0,0;0,0;0;1158;0;2050

170;208;217;38937;19;-92;-64;9;-422;1995;-486;420;-1189;99975;2315;6159;0;0,0;0,0;0,0;0;1172;0;34385

170;209;217;39107;25;-102;-82;14;-423;2013;-485;414;-1196;99974;2314;6159;0;0,0;0,0;0,0;0;1157;0;57098

170;210;217;39277;23;-104;-109;13;-419;1998;-485;423;-1195;99974;2314;6159;0;0,0;0,0;0,0;0;1141;0;908

170;211;217;39447;24;-98;-94;17;-421;2003;-485;427;-1185;99974;2314;6159;0;0,0;0,0;0,0;0;1147;0;8743

170;212;217;39656;24;-107;-122;14;-421;2005;-489;404;-1190;99975;2314;6159;0;0,0;0,0;0,0;0;1167;0;33847

170;213;217;39826;23;-86;-107;10;-439;2007;-493;417;-1191;99975;2314;6159;0;0,0;0,0;0,0;0;1178;0;20310

170;214;217;39996;26;-98;-111;12;-423;2012;-508;414;-1189;99975;2314;6159;0;0,0;0,0;0,0;0;1162;0;30648

170;215;217;40194;30;-92;-122;20;-427;2011;-489;423;-1199;99974;2314;6159;0;0,0;0,0;0,0;0;1162;0;4459

170;216;217;40364;25;-90;-87;8;-426;2011;-492;414;-1218;99974;2314;6159;0;0,0;0,0;0,0;0;1172;0;2680

170;217;217;40544;28;-100;-106;6;-424;1990;-492;415;-1207;99974;2314;6159;0;0,0;0,0;0,0;0;1162;0;12774

170;218;217;40714;26;-97;-94;13;-420;2001;-494;415;-1201;99975;2314;6162;0;0,0;0,0;0,0;0;1172;0;51292

170;219;217;41055;28;-92;-103;13;-430;2007;-491;421;-1206;99975;2314;6162;0;0,0;0,0;0,0;0;1162;0;50141

170;220;217;41263;24;-91;-121;0;-422;2002;-495;419;-1181;99976;2315;6161;0;0,0;0,0;0,0;0;1160;0;8171

170;221;217;41433;20;-99;-89;4;-428;1994;-487;411;-1195;99976;2315;6161;0;0,0;0,0;0,0;0;1178;0;40833

170;222;217;41632;19;-96;-92;7;-419;2000;-498;413;-1193;99978;2315;6159;0;0,0;0,0;0,0;0;1166;0;53594

170;223;217;41802;19;-91;-81;17;-429;2011;-495;418;-1204;99978;2315;6159;0;0,0;0,0;0,0;0;1178;0;306

170;224;217;41972;20;-107;-104;16;-424;2010;-488;423;-1191;99978;2315;6159;0;0,0;0,0;0,0;0;1178;0;48810

170;225;217;42181;25;-100;-86;7;-424;2009;-497;423;-1186;99978;2315;6158;0;0,0;0,0;0,0;0;1172;0;41079

170;226;217;42351;24;-95;-118;5;-425;2010;-489;407;-1193;99978;2315;6158;0;0,0;0,0;0,0;0;1178;0;41925

170;227;217;42521;28;-107;-76;15;-427;2010;-493;410;-1187;99978;2315;6158;0;0,0;0,0;0,0;0;1149;0;14121

170;228;217;42693;19;-83;-97;3;-423;2008;-487;408;-1215;99976;2314;6157;0;0,0;0,0;0,0;0;1159;0;25799

170;229;217;42902;20;-83;-84;13;-423;2006;-490;402;-1183;99976;2314;6157;0;0,0;0,0;0,0;0;1159;0;28527

170;230;217;43072;24;-97;-93;-7;-425;2021;-485;404;-1204;99976;2314;6157;0;0,0;0,0;0,0;0;1159;0;25348

170;231;217;43242;18;-89;-79;21;-424;2011;-481;410;-1206;99975;2314;6157;0;0,0;0,0;0,0;0;1157;0;21835

170;232;217;43441;24;-105;-75;12;-432;2020;-493;423;-1221;99975;2314;6157;0;0,0;0,0;0,0;0;1151;0;12328

170;233;217;43611;31;-96;-87;9;-419;1994;-492;425;-1228;99975;2314;6157;0;0,0;0,0;0,0;0;1159;0;22905

170;234;217;43791;29;-89;-85;17;-427;2016;-481;422;-1224;99976;2314;6154;0;0,0;0,0;0,0;0;1134;0;31024

170;235;217;43989;27;-103;-73;14;-427;2020;-492;423;-1213;99976;2314;6154;0;0,0;0,0;0,0;0;1144;0;17355

170;236;217;44159;23;-85;-83;19;-426;2009;-483;429;-1222;99976;2314;6156;0;0,0;0,0;0,0;0;1147;0;45509

170;237;217;44329;19;-89;-90;6;-423;2013;-474;425;-1209;99976;2314;6156;0;0,0;0,0;0,0;0;1159;0;13359

170;238;217;44509;23;-92;-75;12;-428;2017;-485;416;-1208;99976;2314;6156;0;0,0;0,0;0,0;0;1134;0;36859

170;239;217;44708;27;-95;-130;25;-430;2017;-475;427;-1217;99976;2314;6156;0;0,0;0,0;0,0;0;1141;0;20681

170;240;217;44878;21;-105;-94;23;-420;2009;-486;422;-1211;99976;2314;6156;0;0,0;0,0;0,0;0;1156;0;51710

170;241;217;45048;18;-87;-123;6;-415;1974;-478;421;-1207;99976;2314;6156;0;0,0;0,0;0,0;0;1152;0;8335

170;242;217;45247;18;-88;-121;11;-425;2016;-486;428;-1203;99976;2315;6156;0;0,0;0,0;0,0;0;1150;0;49668

170;243;217;45417;22;-99;-113;3;-429;2010;-487;423;-1195;99976;2315;6156;0;0,0;0,0;0,0;0;1147;0;38351

170;244;217;45587;13;-85;-51;18;-430;2019;-483;422;-1205;99976;2315;6156;0;0,0;0,0;0,0;0;1141;0;43818

170;245;217;45757;27;-91;-53;3;-439;2011;-473;438;-1214;99975;2315;6155;0;0,0;0,0;0,0;0;1147;0;44304

170;246;217;45955;26;-98;-82;10;-423;2015;-478;433;-1213;99975;2315;6155;0;0,0;0,0;0,0;0;1151;0;2461

170;247;217;46125;15;-92;-106;14;-426;2013;-482;430;-1209;99975;2315;6155;0;0,0;0,0;0,0;0;1152;0;48461

170;248;217;46295;22;-101;-77;0;-420;2006;-479;423;-1207;99975;2315;6156;0;0,0;0,0;0,0;0;1137;0;23471

